main_key,sub_key,ko,en
act.01,title,검은 천 없는 장례,
choice.act1.chapter01.episode01.black_cloth_raid.next,label,다음으로 진행한다.,
choice.act1.chapter01.episode01.raider_weapons.rescue_villagers,label,마을 사람들을 구한다.,
choice.act1.chapter01.episode01.raider_weapons.rescue_villagers,result,전투 준비를 마치고 눈앞의 위협에 맞선다.,
choice.act1.chapter01.episode01.rescue_charge.rescue_villagers,label,청운촌 주민들을 지키며 검은 천의 무리를 몰아낸다.,
choice.act1.chapter01.episode01.rescue_charge.rescue_villagers,result,서진이 검은 천 무리 사이로 뛰어들며 전투가 시작된다.,
choice.act1.chapter01.episode01.village_arrival.next,label,다음으로 진행한다.,
choice.act1.chapter01.episode02.ask_child_family,label,아이의 가족에게 묻는다,
choice.act1.chapter01.episode02.ask_child_family,result,서진은 실종 아이의 집에서 마지막 목격 정보와 감정의 단서를 확인하기로 한다.,
choice.act1.chapter01.episode02.check_remaining_traces,label,남은 흔적부터 확인한다,
choice.act1.chapter01.episode02.check_remaining_traces,result,서진은 사건을 소문이 아니라 추적 가능한 흔적의 문제로 보기 시작한다.,
choice.act1.chapter01.episode02.choose_first_trace.follow_jihan_clue,label,지한과 함께 아이의 그림에 남은 서쪽 약초꾼 길을 조사한다.,
choice.act1.chapter01.episode02.choose_first_trace.follow_jihan_clue,result,서진은 붉은 천 인형과 아이를 꾀어낸 말이 산귀 소문과 연결될 수 있음을 의식한다.,
choice.act1.chapter01.episode02.choose_first_trace.follow_yujin_trace,label,유진과 함께 지워진 수레 자국을 따라 동쪽 폐수련장으로 향한다.,
choice.act1.chapter01.episode02.choose_first_trace.follow_yujin_trace,result,서진은 유진과 함께 지워진 흔적을 따라 숲으로 들어가며 다음 에피소드의 추적 흐름을 연다.,
choice.act1.chapter01.episode02.follow_yujin_trace,label,흔적을 따라 숲으로 간다,
choice.act1.chapter01.episode02.follow_yujin_trace,result,서진은 유진과 함께 지워진 흔적을 따라 숲으로 들어간다.,
choice.act1.chapter01.episode02.jihan_house.follow_jihan_clue,label,지한의 단서를 따라간다.,
choice.act1.chapter01.episode02.jihan_house.follow_jihan_clue,result,선택한 방향에 따라 다음 장면으로 이어진다.,
choice.act1.chapter01.episode02.jihan_house.follow_yujin_trace,label,유진의 흔적을 따라간다.,
choice.act1.chapter01.episode02.jihan_house.follow_yujin_trace,result,선택한 방향에 따라 다음 장면으로 이어진다.,
choice.act1.chapter01.episode02.village_after_attack.ask_child_family,label,실종자 가족에게 묻는다.,
choice.act1.chapter01.episode02.village_after_attack.ask_child_family,result,지한의 관점과 아이가 아직 살아 있을 수 있다는 가능성이 강화된다.,
choice.act1.chapter01.episode02.village_after_attack.check_remaining_traces,label,남은 흔적을 확인한다.,
choice.act1.chapter01.episode02.village_after_attack.check_remaining_traces,result,서진은 실종 사건을 소문이 아니라 추적 가능한 흔적의 문제로 보기 시작한다.,
choice.act1.chapter01.episode02.yujin_wheel_trace.next,label,다음으로 진행한다.,
choice.act1.chapter01.episode03_1.defend_hut.defend_jihan_and_child,label,지한과 다친 아이를 지키며 검은 천의 추격자들을 막아낸다.,
choice.act1.chapter01.episode03_1.defend_hut.defend_jihan_and_child,result,서진은 오두막 앞에 서서 짐승과 검은 천 추격자들이 아이에게 접근하지 못하게 막으며 전투에 들어간다.,
choice.act1.chapter01.episode03_1.hut_pursuit.next,label,다음으로 진행한다.,
choice.act1.chapter01.episode03_1.jihan_hut.accept_jihan_join,label,함께 가주십시오. 살아 있는 아이들을 구해야 합니다.,
choice.act1.chapter01.episode03_1.jihan_hut.accept_jihan_join,result,선택한 방향에 따라 다음 장면으로 이어진다.,
choice.act1.chapter01.episode03_1.jihan_join.defend_jihan_and_child,label,지한과 아이를 지키며 추격자들을 막아낸다.,
choice.act1.chapter01.episode03_1.jihan_join.defend_jihan_and_child,result,전투 준비를 마치고 눈앞의 위협에 맞선다.,
choice.act1.chapter01.episode03_1.red_doll_trail.follow_red_doll_trace,label,붉은 천 인형의 흔적을 따라간다.,
choice.act1.chapter01.episode03_1.red_doll_trail.follow_red_doll_trace,result,선택한 방향에 따라 다음 장면으로 이어진다.,
choice.act1.chapter01.episode03_1.red_doll_tree.accept_jihan_join,label,지한의 치료를 돕고 아이의 증언을 듣는다.,
choice.act1.chapter01.episode03_1.red_doll_tree.accept_jihan_join,result,"지한이 파티에 합류하고, 서진은 아이들을 살려낼 손과 함께 움직이게 된다.",
choice.act1.chapter01.episode03_1.red_doll_tree.follow_red_doll_trace,label,붉은 인형 아래의 흔적을 따라간다.,
choice.act1.chapter01.episode03_1.red_doll_tree.follow_red_doll_trace,result,서진은 숲속 오래된 산길에서 일부러 감춰진 아이의 흔적을 확인한다.,
choice.act1.chapter01.episode03_2.break_training_ground.subdue_training_ground_bandits,label,유진과 함께 폐수련장의 감시자들을 돌파한다.,
choice.act1.chapter01.episode03_2.break_training_ground.subdue_training_ground_bandits,result,전투 준비를 마치고 눈앞의 위협에 맞선다.,
choice.act1.chapter01.episode03_2.erased_forest_trail.track_erased_traces,label,지워진 흔적을 더 깊이 추적한다.,
choice.act1.chapter01.episode03_2.erased_forest_trail.track_erased_traces,result,선택한 방향에 따라 다음 장면으로 이어진다.,
choice.act1.chapter01.episode03_2.oil_wheel_trace.accept_yujin_join,label,유진과 함께 조작된 산귀 흔적을 확인한다.,
choice.act1.chapter01.episode03_2.oil_wheel_trace.accept_yujin_join,result,선택한 방향에 따라 다음 장면으로 이어진다.,
choice.act1.chapter01.episode03_2.oil_wheel_trace.track_erased_traces,label,지워진 수레 자국을 복원한다.,
choice.act1.chapter01.episode03_2.oil_wheel_trace.track_erased_traces,result,선택한 방향에 따라 다음 장면으로 이어진다.,
choice.act1.chapter01.episode03_2.training_ground_watchers.next,label,다음으로 진행한다.,
choice.act1.chapter01.episode03_2.yujin_join.subdue_training_ground_bandits,label,유진과 함께 수련장의 산적들을 제압한다.,
choice.act1.chapter01.episode03_2.yujin_join.subdue_training_ground_bandits,result,전투 준비를 마치고 눈앞의 위협에 맞선다.,
choice.act1.chapter01.episode03_2.yujin_training_ground.accept_yujin_join,label,함께 가주십시오. 아이들의 흔적을 놓칠 수 없습니다.,
choice.act1.chapter01.episode03_2.yujin_training_ground.accept_yujin_join,result,선택한 방향에 따라 다음 장면으로 이어진다.,
choice.act1.chapter01.episode04_1.coerced_beast_warning.follow_bloody_trace_with_jihan,label,지한과 함께 피 묻은 흔적을 따라간다.,
choice.act1.chapter01.episode04_1.coerced_beast_warning.follow_bloody_trace_with_jihan,result,선택한 방향에 따라 다음 장면으로 이어진다.,
choice.act1.chapter01.episode04_1.oil_to_training_ground.next,label,다음으로 진행한다.,
choice.act1.chapter01.episode04_1.shared_north_trail.follow_bloody_trace_with_jihan,label,유진을 동료로 맞아 북쪽 수레길과 납치범의 흔적을 함께 추적한다.,
choice.act1.chapter01.episode04_1.shared_north_trail.follow_bloody_trace_with_jihan,result,선택한 방향에 따라 다음 장면으로 이어진다.,
choice.act1.chapter01.episode04_2.cage_to_west_path.next,label,다음으로 진행한다.,
choice.act1.chapter01.episode04_2.erased_track_method.inspect_erased_trace_with_yujin,label,유진과 함께 지워진 흔적을 확인한다.,
choice.act1.chapter01.episode04_2.erased_track_method.inspect_erased_trace_with_yujin,result,선택한 방향에 따라 다음 장면으로 이어진다.,
choice.act1.chapter01.episode04_2.jihan_testimony.inspect_erased_trace_with_yujin,label,지한을 동료로 맞아 아이의 증언과 북쪽 수레 자국을 함께 잇는다.,
choice.act1.chapter01.episode04_2.jihan_testimony.inspect_erased_trace_with_yujin,result,선택한 방향에 따라 다음 장면으로 이어진다.,
choice.act1.chapter01.episode05_1.bloodied_herbs.accept_yujin_join,label,아이의 상처와 약초 흔적을 중심으로 북쪽 산길을 추적한다.,
choice.act1.chapter01.episode05_1.bloodied_herbs.accept_yujin_join,result,선택한 방향에 따라 다음 장면으로 이어진다.,
choice.act1.chapter01.episode05_1.defend_bloodied_trail.break_training_ground_encirclement,label,지한이 아이의 방울과 상처 흔적을 지키도록 짐승 무리를 막아낸다.,
choice.act1.chapter01.episode05_1.defend_bloodied_trail.break_training_ground_encirclement,result,전투 준비를 마치고 눈앞의 위협에 맞선다.,
choice.act1.chapter01.episode05_1.red_collar_beasts.next,label,다음으로 진행한다.,
choice.act1.chapter01.episode05_1.training_ground_arrival.accept_yujin_join,label,함께 가주십시오. 아이들의 흔적을 놓칠 수 없습니다.,
choice.act1.chapter01.episode05_1.training_ground_arrival.accept_yujin_join,result,선택한 방향에 따라 다음 장면으로 이어진다.,
choice.act1.chapter01.episode05_1.yujin_join.break_training_ground_encirclement,label,"지한, 유진과 함께 포위망을 돌파한다.",
choice.act1.chapter01.episode05_1.yujin_join.break_training_ground_encirclement,result,전투 준비를 마치고 눈앞의 위협에 맞선다.,
choice.act1.chapter01.episode05_2.cut_signal_line.break_hut_encirclement,label,유진의 화살길을 열어 조련된 짐승 무리를 신속히 돌파한다.,
choice.act1.chapter01.episode05_2.cut_signal_line.break_hut_encirclement,result,전투 준비를 마치고 눈앞의 위협에 맞선다.,
choice.act1.chapter01.episode05_2.forest_hut_arrival.accept_jihan_join,label,함께 가주십시오. 살아있는 아이들을 구해야 합니다.,
choice.act1.chapter01.episode05_2.forest_hut_arrival.accept_jihan_join,result,선택한 방향에 따라 다음 장면으로 이어진다.,
choice.act1.chapter01.episode05_2.jihan_join.break_hut_encirclement,label,오두막을 에워싼 산적들을 돌파한다.,
choice.act1.chapter01.episode05_2.jihan_join.break_hut_encirclement,result,전투 준비를 마치고 눈앞의 위협에 맞선다.,
choice.act1.chapter01.episode05_2.trained_beasts_signal.next,label,다음으로 진행한다.,
choice.act1.chapter01.episode05_2.wheel_oil_and_arrow.accept_jihan_join,label,수레 자국과 조작된 짐승 발자국을 중심으로 북쪽 산길을 추적한다.,
choice.act1.chapter01.episode05_2.wheel_oil_and_arrow.accept_jihan_join,result,선택한 방향에 따라 다음 장면으로 이어진다.,
choice.act1.chapter01.episode06.assault_decision.attack_bandit_fort,label,산채를 공격한다.,
choice.act1.chapter01.episode06.assault_decision.attack_bandit_fort,result,전투 준비를 마치고 눈앞의 위협에 맞선다.,
choice.act1.chapter01.episode06.children_return.next,label,다음으로 진행한다.,
choice.act1.chapter01.episode06.fort_convergence.next,label,다음으로 진행한다.,
choice.act1.chapter01.episode06.old_altar_truth.next,label,에피소드를 완료한다.,
choice.act1.chapter01.episode06.sangui_mask_leader.attack_bandit_fort,label,아이들과 산채의 증거를 지키며 산귀 가면의 무리를 제압한다.,
choice.act1.chapter01.episode06.sangui_mask_leader.attack_bandit_fort,result,전투 준비를 마치고 눈앞의 위협에 맞선다.,
choice.act1.random_event.01.name_swallowing_well.direct_intervention_1,label,밧줄을 묶고 우물 아래로 내려가 목소리의 주인을 찾는다.,
choice.act1.random_event.01.name_swallowing_well.direct_intervention_1,result,"일행이 바닥에 닿자 마른 줄 알았던 우물 벽에서 검은 물이 한꺼번에 스며 나왔다. 차가운 물살과 무너진 돌에 팔다리를 다쳤지만, 진흙 속에서 이름이 반쯤 남은 작은 놋방울을 찾아냈다. 방울을 흔들자 아이의 목소리는 울음을 그치고 자기 이름을 또렷이 말했으며, 검은 물도 발목 아래로 잦아들었다. 놋방울은 오래전 가뭄 때 마을에서 내쫓긴 아이가 지니고 있던 물건이었다.",
choice.act1.random_event.01.name_swallowing_well.investigate_2,label,노인의 말을 멈춰 세우고 주민들과 함께 우물 주변의 옛 흔적을 조사한다.,
choice.act1.random_event.01.name_swallowing_well.investigate_2,result,"일행은 장승과 두레박에 남은 자국을 대조하고, 노인의 헛간에서 같은 무늬가 새겨진 낡은 나무패를 찾아냈다. 주민들이 추궁하자 노인은 오래전 가뭄 때 물을 훔쳤다는 누명을 씌워 고아 하나를 마을 밖으로 쫓아냈으며, 아이의 이름이 적힌 패까지 우물에 버렸다고 털어놓았다. 주민들은 우물을 메우는 대신 아이의 이름을 새긴 작은 비석을 세우기로 했고, 진실을 밝혀준 답례로 집마다 조금씩 모은 돈을 일행에게 건넸다. 그날 밤부터 우물에서는 더 이상 목소리가 들리지 않았다.",
choice.act1.random_event.01.name_swallowing_well.seal_or_destroy_3,label,우물에서 들리는 소리를 위험한 괴이로 여기고 주민들이 입구를 메우도록 돕는다.,
choice.act1.random_event.01.name_swallowing_well.seal_or_destroy_3,result,"마지막 돌이 입구를 덮는 순간, 우물 안의 방울 소리가 거칠게 울렸다. 틈새로 솟은 차가운 안개가 이름을 잃은 원혼의 형상으로 뭉쳐 우물가의 사람들을 붙잡았다. 오래전 이름을 빼앗긴 채 쫓겨난 아이의 원망은 낡은 방울과 비석 파편에 매달린 채 다시 묻히는 것을 거부했고, 일행은 주민들이 달아날 시간을 벌기 위해 폐신당 원혼과 무명 비석 수호자의 그림자에 맞서야 했다.",
choice.act1.random_event.02.rain_seller.avoid_3,label,수상한 거래에 관여하지 않고 고갯길을 떠난다.,
choice.act1.random_event.02.rain_seller.avoid_3,result,일행은 장사꾼의 외침을 뒤로하고 길을 재촉했다. 산모퉁이를 돌 때까지 빈 병을 사려는 주민들의 말다툼이 메마른 바람을 타고 들려왔다.,
choice.act1.random_event.02.rain_seller.direct_intervention_1,label,수레 밑의 가죽주머니를 꺼내 장사꾼의 속임수를 밝힌다.,
choice.act1.random_event.02.rain_seller.direct_intervention_1,result,"속임수가 드러나자 장사꾼과 호위로 위장한 산적들이 곡도와 몽둥이를 꺼냈다. 일행이 그들을 제압하자 주민들은 빼앗겼던 돈과 곡식을 되찾았고, 주인을 확인할 수 없는 산적의 돈 일부를 사건을 해결한 몫으로 건넸다.",
choice.act1.random_event.02.rain_seller.investigate_2,label,서늘한 기운이 새는 검은 병의 정체를 살핀다.,
choice.act1.random_event.02.rain_seller.investigate_2,result,"마개를 여는 순간 차가운 돌풍이 손을 얼리고 유리 파편이 팔을 스쳤다. 병 안에는 비구름이 아니라 물기를 끌어당기는 작은 청옥 구슬이 들어 있었다. 장사꾼도 산에서 주웠을 뿐 쓰임을 몰랐고, 일행은 위험한 병 대신 청옥 구슬을 거두었다.",
choice.act1.random_event.03.returning_straw_shoes.choice_3,label,짚신을 마당에 두고 밤새 누가 가져가는지 지켜본다.,
choice.act1.random_event.03.returning_straw_shoes.choice_3,result,달이 기울 무렵 헛간에서 아이가 기어 나왔다. 일행이 조용히 음식을 건네자 아이는 산에서 자신을 길 잃지 않게 해준 작은 나침반을 답례로 내놓았다. 녹슨 바늘은 북쪽이 아니라 사람이 다닌 가장 가까운 길을 가리키고 있었다.,
choice.act1.random_event.03.returning_straw_shoes.investigate_1,label,짚신의 흔적을 따라 집 뒤 헛간을 확인한다.,
choice.act1.random_event.03.returning_straw_shoes.investigate_1,result,"헛간 안에는 산에서 내려온 굶주린 아이가 숨어 있었다. 아이는 노파가 무서워 모습을 드러내지 못한 채, 밤마다 음식을 얻으려고 손에 든 짚신을 문턱에 놓았다. 노파는 잃은 손자가 돌아온 줄 알았다며 아이에게 따뜻한 죽을 내주었고, 일행도 함께 쉬며 지친 몸을 회복했다.",
choice.act1.random_event.03.returning_straw_shoes.seal_or_destroy_2,label,노파의 부탁대로 짚신을 아궁이에 넣어 태운다.,
choice.act1.random_event.03.returning_straw_shoes.seal_or_destroy_2,result,"불길이 짚신을 삼키자 헛간에서 뛰쳐나온 아이가 타다 남은 짚신을 맨손으로 움켜쥐었다. 놀란 노파가 솥을 넘어뜨리는 바람에 뜨거운 물이 튀어 일행이 화상을 입었다. 뒤늦게 사정을 알게 되었지만, 아이는 겁에 질려 산속으로 달아났다.",
choice.act1.random_event.04.red_thread_mountain_goat.avoid_3,label,사냥꾼의 덫으로 판단하고 다른 길로 우회한다.,
choice.act1.random_event.04.red_thread_mountain_goat.avoid_3,result,"일행은 짐승들의 울음소리를 뒤로한 채 먼 비탈로 돌아갔다. 해가 질 무렵 절벽 쪽에서 방울이 한 번 울렸지만, 무엇이 살아남았는지는 알 수 없었다.",
choice.act1.random_event.04.red_thread_mountain_goat.choice_2,label,덤불에 숨어 산양을 노리는 늑대들을 먼저 몰아낸다.,
choice.act1.random_event.04.red_thread_mountain_goat.choice_2,result,일행이 돌을 던져 주의를 끌자 굶주린 늑대들이 일제히 덤불에서 뛰쳐나왔다. 목의 붉은 실이 살을 파고들어 늑대들은 고통과 분노에 날뛰었다. 일행은 늑대 무리를 제압한 뒤 산양과 늑대들에게 묶인 실을 모두 끊어 주었다.,
choice.act1.random_event.04.red_thread_mountain_goat.direct_intervention_1,label,절벽으로 다가가 산양의 뿔에서 붉은 실을 풀어준다.,
choice.act1.random_event.04.red_thread_mountain_goat.direct_intervention_1,result,"겁먹은 산양이 몸부림치는 바람에 일행은 비탈에서 넘어져 상처를 입었다. 실이 풀리자 산양은 바위틈으로 달아났고, 그 자리에 뿔에 걸려 있던 작은 은방울을 남겼다. 은방울에서는 짐승을 진정시키는 낮고 맑은 소리가 났다.",
choice.act1.random_event.05.abandoned_miner_supper.help_1,label,빈자리에 안전패를 바로 놓고 죽은 광부들을 위해 묵념한다.,
choice.act1.random_event.05.abandoned_miner_supper.help_1,result,"일행이 이름을 하나씩 읽자 숙소를 맴돌던 차가운 기운이 잦아들었다. 밥상은 평범한 보리밥과 국으로 변했고, 따뜻한 음식을 나누어 먹는 동안 오래 쌓인 피로가 풀렸다. 식사가 끝나자 그릇과 숟가락은 먼지처럼 흩어졌다.",
choice.act1.random_event.05.abandoned_miner_supper.investigate_3,label,숙소를 조사해 광부들의 유족에게 전할 물건을 찾는다.,
choice.act1.random_event.05.abandoned_miner_supper.investigate_3,result,"일행은 침상 밑에서 임금이 적힌 장부와 관리자가 숨긴 체불금 자루를 발견했다. 가까운 마을의 유족들에게 장부와 돈을 돌려주자, 유족들은 끝내 주인을 찾지 못한 몫 일부를 수고비로 건넸다.",
choice.act1.random_event.05.abandoned_miner_supper.take_or_buy_2,label,차려진 음식과 숙소 안의 물건을 챙긴다.,
choice.act1.random_event.05.abandoned_miner_supper.take_or_buy_2,result,"첫 그릇을 들어 올리자 벽의 이름들이 검은 손자국으로 번져 나왔다. 무너진 갱도에서 구조받지 못한 이들의 원혼이 꺼진 등불빛처럼 번져 숙소를 에워쌌다. 일행은 폐신당에 남은 원혼과 닮은 그 집착을 밀어내며, 그들이 지키던 마지막 저녁상을 내려놓을 때까지 거센 공격을 견뎌야 했다.",
choice.act1.random_event.06.shrine_eaves_empty_perch.help_1,label,부러진 날개를 묶어 나무 새를 빈자리에 다시 매단다.,
choice.act1.random_event.06.shrine_eaves_empty_perch.help_1,result,"나무 새가 처마에 걸리자 모든 새가 바람도 없이 한꺼번에 흔들렸다. 신당 뒤편에서 오래된 제관의 그림자가 나타나 고개를 숙였고, 부러진 날개 사이에서 푸른 깃털 모양의 목패가 떨어졌다. 목패는 짙은 안개 속에서도 안전한 산길 쪽으로 기울었다.",
choice.act1.random_event.06.shrine_eaves_empty_perch.investigate_2,label,따뜻한 향의 주인을 기다리며 신당 주변을 살핀다.,
choice.act1.random_event.06.shrine_eaves_empty_perch.investigate_2,result,해 질 무렵 약초를 캐던 노인이 돌아왔다. 그는 아무도 찾지 않는 신당의 향을 홀로 갈아 온 사람이었다. 일행이 신당을 훼손하지 않고 기다린 것을 본 노인은 몸을 덥히는 약차와 마른 자리를 내주었다.,
choice.act1.random_event.06.shrine_eaves_empty_perch.seal_or_destroy_3,label,불길한 물건이라 여기고 떨어진 나무 새를 밖으로 던진다.,
choice.act1.random_event.06.shrine_eaves_empty_perch.seal_or_destroy_3,result,나무 새가 돌에 부딪혀 갈라지자 처마의 다른 새들이 날카로운 파편을 쏟아냈다. 일행은 팔과 얼굴에 상처를 입고 신당 밖으로 물러났다. 잠잠해진 뒤에도 빈자리에서는 젖은 새가 우는 듯한 소리가 이어졌다.,
choice.act1.random_event.07.shadow_selling_child.help_3,label,아이에게 먹을 것을 건네고 물건을 팔지 않아도 된다고 설득한다.,
choice.act1.random_event.07.shadow_selling_child.help_3,result,"아이는 한참 망설이다 얼굴의 천을 내렸다. 산에서 굶다 장터의 술사에게 붙잡힌 아이는 병을 모두 팔기 전에는 돌아갈 수 없었다고 털어놓았다. 일행이 따뜻한 음식을 나누고 병마개를 단단히 봉하자, 아이가 되찾은 옅은 그림자가 지친 몸을 감싸 상처와 피로를 덜어 주었다.",
choice.act1.random_event.07.shadow_selling_child.investigate_2,label,장터 사람들에게 발밑을 확인하게 해 아이의 수상한 거래를 멈춘다.,
choice.act1.random_event.07.shadow_selling_child.investigate_2,result,"사라진 그림자를 알아챈 사람들이 아이를 붙잡으려 하자, 장터 끝 폐가에서 붉은 천 인형을 단 술사가 모습을 드러냈다. 바닥의 그림자는 그가 부른 원혼과 주술 잔상처럼 일어나 사람들의 발목을 잡았고, 아이는 시켜서 병을 팔았을 뿐이라며 울부짖었다. 일행은 장터 사람들을 물리며 붉은 인형 술사의 의식과 맞서야 했다.",
choice.act1.random_event.07.shadow_selling_child.moonlit_empty_market.avoid_3,label,자신의 먹물 자국을 지우고 검은 거리에서 빠져나온다.,
choice.act1.random_event.07.shadow_selling_child.moonlit_empty_market.avoid_3,result,"일행이 손자국을 흙으로 문지르자 폐가와 검은 장터가 안개처럼 멀어졌다. 현실로 돌아왔을 때 손의 냉기는 사라졌지만, 주인을 찾지 못한 그림자들의 속삭임도 더는 들을 수 없었다.",
choice.act1.random_event.07.shadow_selling_child.moonlit_empty_market.direct_intervention_1,label,항아리를 깨뜨려 갇힌 그림자들을 한꺼번에 풀어준다.,
choice.act1.random_event.07.shadow_selling_child.moonlit_empty_market.direct_intervention_1,result,"항아리에 금이 가자 술사가 산짐승의 그림자에 먹물을 끼얹어 만든 늑대 실루엣들이 바닥과 벽에서 솟아났다. 굶주린 산늑대와 표식 박힌 우두머리 늑대처럼 움직이는 검은 짐승들이 달려들었고, 일행은 그림자들이 주인에게 돌아갈 시간을 벌기 위해 그 무리를 막아섰다.",
choice.act1.random_event.07.shadow_selling_child.moonlit_empty_market.direct_intervention_2,label,술사에게 다가가 그림자를 모으는 이유를 묻는다.,
choice.act1.random_event.07.shadow_selling_child.moonlit_empty_market.direct_intervention_2,result,"술사는 산에서 이름 없이 죽은 이들에게 몸을 만들어 주려 했다고 주장했지만, 이미 산 사람의 그림자까지 탐내고 있었다. 대화 중 검은 사슬이 일행의 발목을 파고들어 상처를 남겼으나, 일행은 술사의 품에서 그림자를 붙잡아 두는 먹빛 거울을 빼앗았다.",
choice.act1.random_event.07.shadow_selling_child.take_or_buy_1,label,먹물병 하나를 산 뒤 아이가 어디로 가는지 뒤따른다.,
choice.act1.random_event.07.shadow_selling_child.take_or_buy_1,result,"병을 손에 쥐자 차가운 먹물이 손바닥으로 스며들어 기운을 빼앗았다. 장터가 닫힌 뒤 아이는 폐가로 들어가 사라졌고, 문에는 일행의 것과 똑같은 검은 손자국이 남았다. 먹물병 속에서는 빼앗긴 그림자들이 다음 초승달 밤에 자신들을 찾아 달라고 속삭였다.",
choice.act1.random_event.08.spring_beneath_stone_grave.choice_1,label,동전을 건드리지 않고 흐르는 물로 목을 축인다.,
choice.act1.random_event.08.spring_beneath_stone_grave.choice_1,result,"차가운 샘물은 긴 산행으로 지친 몸을 맑게 씻어 주었다. 물속의 늙은 얼굴은 잠시 눈을 감았다가 본래 모습으로 돌아왔고, 돌무덤 사이에서는 고맙다는 듯 작은 물소리가 울렸다.",
choice.act1.random_event.08.spring_beneath_stone_grave.investigate_3,label,꽃신의 주인을 찾기 위해 주변의 발자국을 따라간다.,
choice.act1.random_event.08.spring_beneath_stone_grave.investigate_3,result,발자국 끝에는 물을 뜨러 왔다가 길을 잃은 아이가 웅크리고 있었다. 일행이 아이를 산 아래 집까지 데려다주자 가족은 대대로 샘에 제사를 지낼 때 쓰던 작은 돌잔을 내주었다. 돌잔에 담긴 물은 오래 지나도 쉽게 탁해지지 않았다.,
choice.act1.random_event.08.spring_beneath_stone_grave.take_or_buy_2,label,물속에 쌓인 동전을 건져 올린다.,
choice.act1.random_event.08.spring_beneath_stone_grave.take_or_buy_2,result,"동전을 움켜쥐는 순간 물에 비친 늙은 손이 손목을 붙잡았다. 일행은 살갗이 얼어붙는 고통을 견디며 팔을 빼냈고, 건져 올린 옛 동전은 손에 남았다. 샘물은 곧 흙탕물로 변해 더는 마실 수 없게 되었다.",
choice.act1.random_event.09.black_cloth_herbalist.avoid_3,label,수상한 표식을 이유로 약초꾼의 등짐을 빼앗아 떠난다.,
choice.act1.random_event.09.black_cloth_herbalist.avoid_3,result,"서둘러 챙긴 등짐 안에서 눌려 있던 독초 꽃가루가 터져 나왔다. 일행은 기침과 어지럼증에 시달렸고, 뒤늦게 약초꾼의 경고가 거짓이 아니었음을 깨달았다. 안개가 걷혔을 때 약초꾼은 이미 흔적 없이 사라진 뒤였다.",
choice.act1.random_event.09.black_cloth_herbalist.help_1,label,약초꾼의 상처를 치료하고 산 아래까지 부축한다.,
choice.act1.random_event.09.black_cloth_herbalist.help_1,result,"일행이 천을 걷어 상처를 씻자 약초꾼은 산적에게 붙잡혔다가 달아난 마을 의원임이 드러났다. 그는 무사히 내려온 뒤 가장 좋은 해열초를 달여 일행과 나누었고, 남은 약재로 상처까지 돌보아 주었다.",
choice.act1.random_event.09.black_cloth_herbalist.investigate_2,label,붉은 천 인형과 등짐을 조사해 정체를 확인한다.,
choice.act1.random_event.09.black_cloth_herbalist.investigate_2,result,등짐 아래에는 산적들의 은신처를 표시한 지도가 숨겨져 있었다. 그 순간 약초꾼을 추적하던 검은 천의 무리가 안개 속에서 나타나 입막음을 시도했다. 일행은 약초꾼과 지도를 지키기 위해 산적들의 포위에 맞섰다.,
choice.act1.random_event.10.silent_jangseung.choice_1,label,장승의 입을 막은 못과 헝겊을 제거한다.,
choice.act1.random_event.10.silent_jangseung.choice_1,result,마지막 못을 뽑자 울음 대신 다급한 경고가 터져 나왔다. 왼쪽 길에 숨어 있던 산적들은 자신들의 은신처를 알리던 장승을 잠재우기 위해 입을 막았던 것이다. 정체가 들통난 산적들이 숲에서 쏟아져 나오자 일행은 장승 앞에서 맞서 싸웠다.,
choice.act1.random_event.10.silent_jangseung.choice_3,label,장승의 경고를 믿고 오른쪽 길로 돌아간다.,
choice.act1.random_event.10.silent_jangseung.choice_3,result,"오른쪽 길은 멀고 험했지만 별다른 위협은 없었다. 산등성이를 넘을 때 멀리서 장승의 입을 두드리는 소리가 들렸으나, 일행은 되돌아가지 않았다.",
choice.act1.random_event.10.silent_jangseung.investigate_2,label,수레바퀴 자국을 따라 왼쪽 길을 조용히 정찰한다.,
choice.act1.random_event.10.silent_jangseung.investigate_2,result,"길 끝에는 산적들이 버리고 간 빈 수레와 빼앗은 짐 일부가 남아 있었다. 일행은 주인을 찾을 수 있는 물건을 돌려주고, 표식이 없는 돈주머니만 챙겼다. 장승의 검은 눈물은 그날부터 흐르지 않았다.",
choice.act1.random_event.11.dry_waterwheel.avoid_3,label,불길한 방앗간에 관여하지 않고 계곡을 떠난다.,
choice.act1.random_event.11.dry_waterwheel.avoid_3,result,일행은 마른 수로를 따라 산 아래로 내려갔다. 뒤편에서는 물 한 방울 없이 돌아가는 물레의 삐걱거림이 오래도록 끊이지 않았다.,
choice.act1.random_event.11.dry_waterwheel.investigate_1,label,수로를 거슬러 올라가 돌둑이 물을 막은 이유를 확인한다.,
choice.act1.random_event.11.dry_waterwheel.investigate_1,result,"돌둑 너머에는 방앗간 주인과 결탁한 사병들이 계곡물을 사유지로 돌리고 있었다. 들킨 사병들이 곡괭이와 몽둥이를 들고 달려들었고, 일행은 그들을 제압한 뒤 주민들에게 물길을 돌려주었다. 주민들은 되찾은 공동 자금에서 사건을 해결한 몫을 내어 주었다.",
choice.act1.random_event.11.dry_waterwheel.investigate_2,label,물레방아의 축을 멈추고 맷돌 안쪽을 살핀다.,
choice.act1.random_event.11.dry_waterwheel.investigate_2,result,축을 붙잡는 순간 물도 없이 돌던 물레가 거칠게 튕겨 일행의 손과 어깨를 다치게 했다. 맷돌 아래에서는 뼛가루가 아니라 오래된 조개껍데기 가루와 물길을 찾는 청동 추가 나왔다. 추가 가리킨 벽을 허물자 막혀 있던 샘물이 가느다랗게 흘러나왔다.,
choice.act1.random_event.12.paper_flower_grave.choice_2,label,종이꽃에 적힌 이름을 베껴 가까운 마을에 알린다.,
choice.act1.random_event.12.paper_flower_grave.choice_2,result,"명단을 본 주민들은 자신들의 집안이 감춰 온 아이들의 이름을 알아보았다. 처음에는 입을 닫던 이들도 무덤 앞에서 제 가족의 이름을 부르기 시작했다. 주민들은 공동으로 장례를 다시 치르고, 기록을 되찾아 준 일행에게 여비를 건넸다.",
choice.act1.random_event.12.paper_flower_grave.investigate_1,label,노인에게 빈 종이꽃의 주인이 누구인지 묻는다.,
choice.act1.random_event.12.paper_flower_grave.investigate_1,result,"노인은 오래전 기근 때 산에 버려진 동생의 이름을 끝내 쓰지 못했다고 털어놓았다. 일행이 비난하지 않고 이야기를 들어주자 그는 빈 꽃에 동생의 이름을 적어 무덤 앞에 놓았다. 밤새 무덤을 맴돌던 찬 기운이 걷혔고, 노인은 감사의 뜻으로 상처를 달이는 약초를 나누어 주었다.",
choice.act1.random_event.12.paper_flower_grave.seal_or_destroy_3,label,산귀의 표식이라 여기고 종이꽃을 모두 불태운다.,
choice.act1.random_event.12.paper_flower_grave.seal_or_destroy_3,result,"불길이 번지자 꽃잎에 머물던 차가운 바람이 재와 함께 폭발하듯 솟구쳤다. 날카로운 종이 조각이 일행의 살갗을 베었고, 무덤 아래에서는 이름을 빼앗기지 않으려는 아이들의 울음이 밤새 이어졌다.",
choice.act1.random_event.13.empty_bride_palanquin.choice_3,label,비녀와 짚신만 챙겨 관아에 증거로 가져간다.,
choice.act1.random_event.13.empty_bride_palanquin.choice_3,result,"비녀를 집어 드는 순간 가마 밑에 숨겨진 쇠침 덫이 튀어 올라 일행의 손을 찔렀다. 인기척을 알아챈 산적들은 아이와 가마를 끌고 안개 속으로 달아났고, 길에는 부러진 자물쇠 조각만 남았다.",
choice.act1.random_event.13.empty_bride_palanquin.direct_intervention_1,label,자물쇠를 부수고 가마 안에 갇힌 이를 꺼낸다.,
choice.act1.random_event.13.empty_bride_palanquin.direct_intervention_1,result,"가마 안에는 혼례복을 입힌 아이가 결박된 채 숨어 있었다. 아이를 미끼로 몸값을 뜯으려던 산적들이 안개 속에서 포위망을 좁혔고, 일행은 아이가 달아날 길을 지키며 그들과 맞섰다.",
choice.act1.random_event.13.empty_bride_palanquin.investigate_2,label,가마를 건드리지 않고 주변의 가마꾼 발자국을 추적한다.,
choice.act1.random_event.13.empty_bride_palanquin.investigate_2,result,발자국은 고개 아래의 버려진 초막으로 이어졌다. 그곳에서 술에 취해 잠든 가짜 가마꾼들과 여러 집에서 빼앗은 패물을 발견한 일행은 물건을 주인들에게 돌려주었다. 주인을 찾지 못한 돈 일부는 피해를 막은 사례로 받았다.,
choice.act1.random_event.14.stone_laying_hen.avoid_3,label,기이한 장사에 끼어들지 않고 자리를 떠난다.,
choice.act1.random_event.14.stone_laying_hen.avoid_3,result,"일행이 장터를 벗어날 때까지 농부의 호객 소리는 이어졌다. 산모퉁이를 돌기 직전, 닭장 쪽에서 아이가 우는 것과 닮은 짧은 울음이 한 번 들렸다.",
choice.act1.random_event.14.stone_laying_hen.expose_2,label,아이의 증언과 닭장의 흔적을 장터 사람들에게 보여준다.,
choice.act1.random_event.14.stone_laying_hen.expose_2,result,"속임수가 드러나자 농부 행세를 하던 산적 앞잡이들이 새장 아래 숨긴 칼과 검은 천을 꺼냈다. 일행이 검은 천 습격자와 흔적 지우는 척후를 제압하자 장터 사람들은 빼앗긴 돈을 되찾았고, 산귀 소문을 팔던 일당에게 걸려 있던 현상금 일부를 일행에게 건넸다.",
choice.act1.random_event.14.stone_laying_hen.take_or_buy_1,label,농부에게 값을 치르고 닭을 산 뒤 발목의 끈을 풀어준다.,
choice.act1.random_event.14.stone_laying_hen.take_or_buy_1,result,끈이 풀리자 닭은 깃털 사이에서 작은 청옥 조각 하나를 떨어뜨리고 평범한 산새의 모습으로 변해 날아갔다. 청옥은 굶주린 짐승의 울음이 가까워지면 미세하게 떨렸다. 농부가 자랑하던 나머지 돌들은 안료를 바른 자갈이었다.,
choice.act1.random_event.15.ash_eating_jar.avoid_3,label,수상한 사내를 피해 폐허에서 물러난다.,
choice.act1.random_event.15.ash_eating_jar.avoid_3,result,"일행은 항아리와 사내를 남겨 둔 채 산길로 돌아갔다. 해가 진 뒤 멀리서 수레가 폐허로 들어가는 소리가 들렸지만, 무엇을 싣고 갔는지는 확인할 수 없었다.",
choice.act1.random_event.15.ash_eating_jar.dark_moon_grain_cart.avoid_3,label,목패를 부러뜨리고 더 깊이 관여하지 않는다.,
choice.act1.random_event.15.ash_eating_jar.dark_moon_grain_cart.avoid_3,result,"목패의 열이 식자 수레바퀴 소리도 안개 속으로 멀어졌다. 일행은 아무도 만나지 않은 채 길을 떠났고, 산 아래에서는 한동안 곡식값이 올랐다는 소문이 이어졌다.",
choice.act1.random_event.15.ash_eating_jar.dark_moon_grain_cart.expose_1,label,길목을 막고 숨겨 둔 곡식의 주인을 밝히라고 요구한다.,
choice.act1.random_event.15.ash_eating_jar.dark_moon_grain_cart.expose_1,result,"사내는 화재로 죽은 이들의 몫까지 자신이 차지하려 했고, 호위들에게 입막음을 명령했다. 일행은 재를 뿌리며 달려드는 사병들을 물리치고 곡식을 굶주린 주민들에게 돌려주었다. 수레 밑에서 발견된 비자금 일부는 주민들이 사례로 내어 주었다.",
choice.act1.random_event.15.ash_eating_jar.dark_moon_grain_cart.investigate_2,label,수레를 뒤따라 곡식이 쌓인 은닉 창고를 찾아낸다.,
choice.act1.random_event.15.ash_eating_jar.dark_moon_grain_cart.investigate_2,result,"인적 없는 바위굴에는 수백 자루의 곡식과 화재 희생자들의 물건이 함께 감춰져 있었다. 일행이 관가와 주민들에게 위치를 알리자, 유족들은 불길 속에서도 타지 않은 검은 토제 호부를 감사의 표시로 건넸다.",
choice.act1.random_event.15.ash_eating_jar.direct_intervention_1,label,항아리의 뚜껑을 열어 안에 든 것을 확인한다.,
choice.act1.random_event.15.ash_eating_jar.direct_intervention_1,result,"뚜껑이 열리자 뜨거운 재가 폭풍처럼 쏟아져 일행의 눈과 목을 태웠다. 재 속에서는 불탄 장부 한 장과 반쪽짜리 목패가 떨어졌다. 장부에는 창고 주인이 곡식을 숨기기 위해 빈집에 불을 질렀다는 기록과, 다음 그믐에 남은 곡식을 옮길 산길이 적혀 있었다.",
choice.act1.random_event.15.ash_eating_jar.help_2,label,항아리를 흙으로 봉하고 폐허에 작은 제단을 세운다.,
choice.act1.random_event.15.ash_eating_jar.help_2,result,일행이 흩어진 기왓장에 죽은 이들의 흔적을 모아 놓자 항아리의 기침 소리가 잦아들었다. 검은 재 사이에서 따뜻한 바람이 불어와 일행의 피로와 목의 통증을 씻어 주었다.,
choice.act1.random_event.16.crying_bell_smithy.choice_2,label,망치질 소리에 맞춰 쇠종을 세 번 울린다.,
choice.act1.random_event.16.crying_bell_smithy.choice_2,result,"세 번째 종소리가 울리자 모루 위의 망치가 멈추고, 검댕 묻은 광부들의 그림자가 화덕 주위에 나타났다. 일행이 안전패에 남은 이름을 읽어주자 그림자들은 고개를 숙인 뒤 따뜻한 불빛으로 흩어졌다. 남은 온기가 일행의 굳은 몸과 상처를 풀어 주었다.",
choice.act1.random_event.16.crying_bell_smithy.direct_intervention_1,label,화덕의 불을 끄고 녹고 있는 안전패를 꺼낸다.,
choice.act1.random_event.16.crying_bell_smithy.direct_intervention_1,result,물을 붓자 뜨거운 증기와 쇳물이 튀어 일행이 화상을 입었다. 불길이 가라앉은 뒤 쇳덩이 속에서 여러 안전패의 이름이 겹쳐 새겨진 작은 철부적이 드러났다. 부적에서는 무너지는 돌이 가까울 때 쇠종 같은 떨림이 났다.,
choice.act1.random_event.16.crying_bell_smithy.investigate_3,label,최근 붙인 폐쇄 명령의 주인을 기다린다.,
choice.act1.random_event.16.crying_bell_smithy.investigate_3,result,"밤이 되자 광산 관리자의 사병들이 안전패와 사고 기록을 없애러 돌아왔다. 그들은 일행을 도굴꾼으로 몰아 칼을 뽑았고, 일행은 증거가 든 대장간을 지키기 위해 맞서 싸웠다.",
choice.act1.random_event.17.three_bowls_on_mountain_path.choice_3,label,젖니가 놓인 그릇을 아이 발자국이 향한 곳에 옮겨 둔다.,
choice.act1.random_event.17.three_bowls_on_mountain_path.choice_3,result,새벽이 되자 밥은 사라지고 작은 천 주머니 하나가 놓여 있었다. 안에는 아이들이 길을 잃지 않으려고 모아 둔 반딧불 돌이 들어 있었다. 희미한 빛은 사람이 밟은 오래된 길 위에서만 밝아졌다.,
choice.act1.random_event.17.three_bowls_on_mountain_path.help_1,label,밤이 놓인 밥을 나무 뒤의 사람에게 건넨다.,
choice.act1.random_event.17.three_bowls_on_mountain_path.help_1,result,"나무 뒤에는 아이들을 찾아 산을 헤매다 지친 어머니가 쓰러져 있었다. 일행이 밥을 데워 함께 나누자 숨어 지켜보던 아이 하나가 모습을 드러냈다. 아이는 어머니가 자신을 버린 것이 아니라 산적에게서 도망치게 하려 했음을 알고 품으로 돌아왔고, 일행도 따뜻한 밥으로 기운을 되찾았다.",
choice.act1.random_event.17.three_bowls_on_mountain_path.investigate_2,label,검은 돌이 놓인 그릇을 들고 어른 발자국을 따라간다.,
choice.act1.random_event.17.three_bowls_on_mountain_path.investigate_2,result,"발자국 끝에는 아이를 미끼로 부모의 재물을 빼앗던 산적들이 기다리고 있었다. 검은 돌은 먹이를 가져왔다는 신호였고, 일행이 그릇을 든 채 나타나자 산적들은 새로운 희생자로 여기고 덮쳐왔다.",
choice.act1.random_event.18.reverse_flowing_stream.choice_3,label,빈 요람의 밧줄을 풀어 물에 띄운다.,
choice.act1.random_event.18.reverse_flowing_stream.choice_3,result,"요람이 장치에 걸리자 팽팽했던 밧줄이 끊어져 채찍처럼 휘둘렀다. 일행은 팔과 얼굴에 상처를 입었고, 부서진 요람은 급류에 휩쓸려 사라졌다. 장치의 주인도 소란을 틈타 흔적을 감추었다.",
choice.act1.random_event.18.reverse_flowing_stream.direct_intervention_1,label,요람 밑의 방아쇠를 당겨 물길 장치를 멈춘다.,
choice.act1.random_event.18.reverse_flowing_stream.direct_intervention_1,result,"방아쇠가 풀리자 비탈 위 저수조가 열리며 물이 본래 방향으로 쏟아졌다. 물을 몰래 저장해 팔던 산적 호위들이 둑 위에서 내려와 증거를 없애려 했고, 그중에는 흔적을 지우던 척후와 아이를 미끼로 쓰던 그물잡이도 섞여 있었다. 일행은 급류 곁에서 그들과 맞섰다.",
choice.act1.random_event.18.reverse_flowing_stream.investigate_2,label,거꾸로 흐르는 물을 따라 비탈 위로 올라간다.,
choice.act1.random_event.18.reverse_flowing_stream.investigate_2,result,"개울 끝에는 주민들에게서 걷은 물통과 돈을 감춘 창고가 있었다. 일행이 장부를 공개하자 물장수들은 달아났고, 주민들은 되찾은 돈 가운데 일부를 수고비로 건넸다.",
choice.act1.random_event.19.faceless_woodcarver.expose_2,label,성씨가 새겨진 인형을 가까운 마을에 가져가 공개한다.,
choice.act1.random_event.19.faceless_woodcarver.expose_2,result,"주민들은 처음에는 목각장이의 저주라며 부수려 했지만, 인형 속에서 나온 오래된 아이 명부를 보고 침묵했다. 몇몇 집안은 감춰 온 일을 인정하고 공동 묘를 돌보기로 했다. 명부를 보존한 일행에게는 마을 공동 창고에서 여비가 지급되었다.",
choice.act1.random_event.19.faceless_woodcarver.investigate_1,label,작업대 밑의 널빤지를 들어 올려 소리의 정체를 확인한다.,
choice.act1.random_event.19.faceless_woodcarver.investigate_1,result,"바닥 아래에는 인형을 배달하던 아이가 숨어 있었다. 아이는 목각장이가 집집마다 죄를 고백하게 하려 했지만, 겁먹은 주민들이 자신을 붙잡으려 했다고 말했다. 아이는 아직 얼굴이 새겨지지 않은 인형 하나를 건네며, 보름밤에 산 아래 느티나무로 가져오면 잊힌 이름의 주인을 만날 수 있다고 했다.",
choice.act1.random_event.19.faceless_woodcarver.returned_faces_at_zelkova.avoid_3,label,분노한 후손들에게 인형과 명부를 넘기고 물러난다.,
choice.act1.random_event.19.faceless_woodcarver.returned_faces_at_zelkova.avoid_3,result,"일행이 숲을 벗어날 때 뒤에서 나무 부서지는 소리가 이어졌다. 다음 날 느티나무 아래에는 톱밥만 남았고, 되찾을 수 있었던 이름들도 다시 사람들의 침묵 속으로 사라졌다.",
choice.act1.random_event.19.faceless_woodcarver.returned_faces_at_zelkova.choice_1,label,남은 명부를 읽어 인형마다 잊힌 아이의 이름을 새긴다.,
choice.act1.random_event.19.faceless_woodcarver.returned_faces_at_zelkova.choice_1,result,마지막 이름이 새겨지자 인형들은 작은 나무패로 변해 느티나무 뿌리 곁에 가지런히 놓였다. 목각장이는 이름 하나가 새겨진 조각칼을 일행에게 맡겼다. 조각칼은 지워진 글자 위를 지나면 희미한 획을 다시 드러냈다.,
choice.act1.random_event.19.faceless_woodcarver.returned_faces_at_zelkova.choice_2,label,후손들이 직접 이름을 기억하고 기록하게 한다.,
choice.act1.random_event.19.faceless_woodcarver.returned_faces_at_zelkova.choice_2,result,"밤새 이어진 고백 끝에 주민들은 아이들의 이름을 새 장부와 비석에 옮겼다. 느티나무에서 따뜻한 수액 향이 퍼져 일행의 피로를 덜었고, 목각장이는 더 이상 대신 기억할 필요가 없다며 빈 인형들을 거두었다.",
choice.act1.random_event.19.faceless_woodcarver.seal_or_destroy_3,label,수상한 인형들을 모아 불태운다.,
choice.act1.random_event.19.faceless_woodcarver.seal_or_destroy_3,result,"불이 붙자 얼굴 없는 인형들 사이에서 붉은 천 인형을 든 술사의 기척과 폐신당 원혼의 냉기가 번졌다. 목각장이의 집념은 인형을 매개로 원혼을 불러냈고, 일행은 타오르는 움막에서 빠져나가기 위해 붉은 인형 술사와 이름 잃은 원혼의 그림자를 밀어내야 했다.",
choice.act1.random_event.20.fog_sewing_old_woman.help_1,label,노파의 바느질을 도와 찢어진 안개를 마저 잇는다.,
choice.act1.random_event.20.fog_sewing_old_woman.help_1,result,일행이 천 조각을 건네고 실을 당기자 차가운 안개가 포근한 이불처럼 산길을 덮었다. 노파는 자신이 산속 아이들이 잠든 동안 길을 감추는 사람이라고 털어놓았다. 일을 마친 뒤 내어 준 따뜻한 차와 안개의 온기가 일행의 피로를 풀어 주었다.,
choice.act1.random_event.20.fog_sewing_old_woman.help_3,label,안개 너머의 아이들에게 해치지 않겠다고 말을 건넨다.,
choice.act1.random_event.20.fog_sewing_old_woman.help_3,result,한참 뒤 작은 손 하나가 안개 사이로 나와 흰 실팔찌를 내려놓았다. 노파는 아이들이 어른의 말을 믿은 것은 오랜만이라며 길 한쪽만 잠시 열어 주었다. 실팔찌는 해를 끼칠 뜻으로 다가오는 존재가 가까우면 매듭이 스스로 조여들었다.,
choice.act1.random_event.20.fog_sewing_old_woman.take_or_buy_2,label,이름표가 묶인 실꾸리를 빼앗아 안개를 걷어낸다.,
choice.act1.random_event.20.fog_sewing_old_woman.take_or_buy_2,result,"실이 끊어지자 안개 속에서 아이들을 지키던 짐승 그림자들이 쏟아져 나왔다. 그들은 일행을 아이들의 은신처를 드러내려는 침입자로 여겼고, 노파가 이름표를 다시 모을 때까지 거칠게 길을 막았다.",
choice.act1.random_event.21.breath_between_water_drops.follow_silent_rhythm,label,물방울 사이의 박자를 익힌다,
choice.act1.random_event.21.breath_between_water_drops.follow_silent_rhythm,result,일행은 물소리 사이의 고요에 움직임을 맞췄다.,
choice.act1.random_event.21.breath_between_water_drops.leave_cave_unchanged,label,동굴을 빠져나간다,
choice.act1.random_event.21.breath_between_water_drops.leave_cave_unchanged,result,일행은 물방울 소리를 뒤로하고 동굴을 나섰다.,
choice.act1.random_event.22.sleeping_hawk_watch.keep_night_watch,label,밤을 새워 매의 감각을 살핀다,
choice.act1.random_event.22.sleeping_hawk_watch.keep_night_watch,result,새벽에 매가 눈을 뜨자 일행은 그 시선보다 먼저 움직일 순간을 읽었다.,
choice.act1.random_event.22.sleeping_hawk_watch.leave_hawk_sleeping,label,매를 깨우지 않고 떠난다,
choice.act1.random_event.22.sleeping_hawk_watch.leave_hawk_sleeping,result,일행은 등잔을 가리고 조용히 처마를 벗어났다.,
choice.act1.random_event.23.temple_hundred_eight_steps.carry_stone_to_summit,label,돌을 들고 정상까지 오른다,
choice.act1.random_event.23.temple_hundred_eight_steps.carry_stone_to_summit,result,지친 몸에서도 흐트러지지 않는 호흡을 익혔다.,
choice.act1.random_event.23.temple_hundred_eight_steps.rest_midway,label,중턱의 그늘에서 숨을 고른다,
choice.act1.random_event.23.temple_hundred_eight_steps.rest_midway,result,찬 계단에 기대 숨을 고르자 발걸음이 가벼워졌다.,
choice.act1.random_event.24.herb_scent_empty_barracks.preserve_medicine,label,약을 봉해 돌아올 이들을 위해 남긴다,
choice.act1.random_event.24.herb_scent_empty_barracks.preserve_medicine,result,빈 막사에 누군가 돌아올 자리를 남겼다.,
choice.act1.random_event.24.herb_scent_empty_barracks.share_medicine,label,남은 약을 나눠 마신다,
choice.act1.random_event.24.herb_scent_empty_barracks.share_medicine,result,쓴 약이 오래된 피로를 풀었다.,
choice.act1.random_event.25.hot_spring_beneath_ice.break_ice_for_mineral,label,광물을 노리는 무리를 몰아낸다,
choice.act1.random_event.25.hot_spring_beneath_ice.break_ice_for_mineral,result,일행은 온천 바닥의 푸른 광물을 차지했다.,
choice.act1.random_event.25.hot_spring_beneath_ice.rest_at_ice_edge,label,얼음 가장자리에서 몸을 녹인다,
choice.act1.random_event.25.hot_spring_beneath_ice.rest_at_ice_edge,result,따뜻한 김이 굳은 몸을 풀었다.,
choice.act1.random_event.26.sleepless_waystation.observe_next_routes,label,망루에서 다음 길을 살핀다,
choice.act1.random_event.26.sleepless_waystation.observe_next_routes,result,밤새 오간 불빛으로 두 길의 성격을 읽었다.,
choice.act1.random_event.26.sleepless_waystation.rest_by_cold_brazier,label,찬 화로 곁에서 깊이 쉰다,
choice.act1.random_event.26.sleepless_waystation.rest_by_cold_brazier,result,깊은 잠 뒤 몸이 가벼워졌다.,
choice.act1.random_event.27.paper_armor_bandits.attack_before_spoils_sink,label,전리품이 잠기기 전에 즉시 덮친다,
choice.act1.random_event.27.paper_armor_bandits.attack_before_spoils_sink,result,일행은 빗속에서도 진형을 갖춘 도적들을 밀어내고 진흙에 잠기기 전 전리품 자루를 건졌다. 쓸 수 있는 물건을 추려 내자 Gold 50만큼의 값어치가 남았다.,
choice.act1.random_event.27.paper_armor_bandits.wait_for_paper_armor_to_soak,label,비가 종이갑옷을 더 적실 때까지 기다린다,
choice.act1.random_event.27.paper_armor_bandits.wait_for_paper_armor_to_soak,result,"종이갑옷이 빗물에 들러붙자 도적들의 움직임은 눈에 띄게 둔해졌다. 일행은 큰 피해 없이 그들을 몰아냈지만, 전리품 자루는 진흙물에 젖어 건질 것이 남지 않았다.",
choice.act1.random_event.28.rockfall_scouts.ambush_signal_scouts,label,신호거울이 돌아가기 전에 정찰대를 기습한다,
choice.act1.random_event.28.rockfall_scouts.ambush_signal_scouts,result,정찰대를 물리치고 가장 짧은 길을 확정했다.,
choice.act1.random_event.28.rockfall_scouts.endure_rockfall_detour,label,낙석을 견디며 긴 우회로로 내려간다,
choice.act1.random_event.28.rockfall_scouts.endure_rockfall_detour,result,상처를 감수하고 긴 우회로를 확정했다.,
choice.act1.random_event.29.chain_bridge_tollkeepers.fight_tollkeepers,label,통행세를 거부하고 징수대를 돌파한다,
choice.act1.random_event.29.chain_bridge_tollkeepers.fight_tollkeepers,result,징수대를 물리치고 Gold를 지킨 채 통과했다.,
choice.act1.random_event.29.chain_bridge_tollkeepers.pay_private_toll,label,Gold 50을 지불하고 안전하게 통과한다,
choice.act1.random_event.29.chain_bridge_tollkeepers.pay_private_toll,result,통행료를 전액 지불하고 다리를 건넜다.,
choice.act1.random_event.30.night_beacon_intruders.extinguish_false_beacon,label,봉수대에 올라 거짓 봉화를 막는다,
choice.act1.random_event.30.night_beacon_intruders.extinguish_false_beacon,result,침입자들이 물러나자 일행은 화구의 불씨를 흩어 거짓 봉화를 막았다. 타다 남은 명령서에는 산 아래와 이어진 낯선 표식이 남아 있었다.,
choice.act1.random_event.30.night_beacon_intruders.watch_false_beacon_from_hiding,label,숨어서 봉화를 올리는 자들을 지켜본다,
choice.act1.random_event.30.night_beacon_intruders.watch_false_beacon_from_hiding,result,"거짓 봉화가 산줄기 너머로 번졌다. 일행은 불빛 아래 오간 손짓과 명령서의 표식을 기억했지만, 주변 길에는 이미 경계의 기척이 퍼지고 있었다.",
choice.act1.random_event.31.wounded_mountain_tiger_domain.defeat_poachers,label,밀렵꾼을 막아 산군의 길을 연다,
choice.act1.random_event.31.wounded_mountain_tiger_domain.defeat_poachers,result,마지막 밀렵꾼이 물러나자 산군은 한동안 일행을 바라보다 숲 깊은 곳으로 사라졌다. 부러진 사냥창 곁에는 그들이 쓰던 독주머니 하나만 남았다.,
choice.act1.random_event.31.wounded_mountain_tiger_domain.drive_tiger_away,label,불과 소리로 산군을 영역 밖으로 몰아낸다,
choice.act1.random_event.31.wounded_mountain_tiger_domain.drive_tiger_away,result,"횃불 연기와 쇳소리가 이어지자 산군은 상처 난 다리를 끌며 능선 너머로 물러났다. 길은 조용해졌지만, 숲에는 밀렵꾼의 올가미와 비어 버린 영역만 남았다.",
choice.act1.random_event.32.hidden_ledger_salt_cart.return_ledger_to_workers,label,장부를 노동자들에게 돌려준다,
choice.act1.random_event.32.hidden_ledger_salt_cart.return_ledger_to_workers,result,Gold 25와 장부 반환 기록이 함께 남았다.,
choice.act1.random_event.32.hidden_ledger_salt_cart.sell_ledger_to_collector,label,장부를 징수책에게 판매한다,
choice.act1.random_event.32.hidden_ledger_salt_cart.sell_ledger_to_collector,result,Gold 50과 장부 매각 기록이 함께 남았다.,
choice.act1.random_event.33.false_mountain_rite_offering_box.expose_false_rite,label,숨은 장치를 끊고 가짜 산신제를 폭로한다,
choice.act1.random_event.33.false_mountain_rite_offering_box.expose_false_rite,result,사기 집단을 물리치고 Gold 50을 회수했다.,
choice.act1.random_event.33.false_mountain_rite_offering_box.leave_false_rite_alone,label,제상과 헌금함을 건드리지 않고 떠난다,
choice.act1.random_event.33.false_mountain_rite_offering_box.leave_false_rite_alone,result,아무것도 바꾸지 않고 떠났다.,
choice.act1.random_event.33.false_mountain_rite_offering_box.sell_rite_ledger_quietly,label,장부만 빼내 뒷거래상에게 넘긴다,
choice.act1.random_event.33.false_mountain_rite_offering_box.sell_rite_ledger_quietly,result,Gold 25를 받고 장부를 넘겼다.,
choice.act1.random_event.34.half_vein_map.destroy_false_map,label,지도를 폐기한다,
choice.act1.random_event.34.half_vein_map.destroy_false_map,result,지도를 없애고 떠났다.,
choice.act1.random_event.34.half_vein_map.followup.unstable_vein.extract_ore,label,상처를 감수하고 광석을 끌어낸다,
choice.act1.random_event.34.half_vein_map.followup.unstable_vein.extract_ore,result,최대 HP 10%를 감수하고 Gold 75를 얻었다.,
choice.act1.random_event.34.half_vein_map.followup.unstable_vein.retreat_empty_handed,label,빈손으로 물러난다,
choice.act1.random_event.34.half_vein_map.followup.unstable_vein.retreat_empty_handed,result,광맥을 포기하고 안전하게 돌아왔다.,
choice.act1.random_event.34.half_vein_map.follow_unstable_vein,label,위험한 암맥을 따른다,
choice.act1.random_event.34.half_vein_map.follow_unstable_vein,result,불안정한 암맥 안으로 들어갔다.,
choice.act1.random_event.34.half_vein_map.sell_half_map,label,지도를 지금 판다,
choice.act1.random_event.34.half_vein_map.sell_half_map,result,지도를 넘기고 Gold 25를 받았다.,
choice.act1.random_event.35.ownerless_wage_sack.keep_all_wages,label,품삯을 모두 가져간다,
choice.act1.random_event.35.ownerless_wage_sack.keep_all_wages,result,Gold 75와 품삯을 취한 기록이 남았다.,
choice.act1.random_event.35.ownerless_wage_sack.return_all_wages,label,품삯을 전부 돌려준다,
choice.act1.random_event.35.ownerless_wage_sack.return_all_wages,result,노동자들이 일행을 돌보고 품삯 반환 기록이 남았다.,
choice.act1.random_event.35.ownerless_wage_sack.take_only_unlisted_share,label,명부에 없는 일부만 취한다,
choice.act1.random_event.35.ownerless_wage_sack.take_only_unlisted_share,result,Gold 25를 얻었다.,
choice.act1.random_event.36.cracked_bronze_mirror.accept_cracked_reflection,label,금 사이로 손을 넣어 거울 조각을 꺼낸다,
choice.act1.random_event.36.cracked_bronze_mirror.accept_cracked_reflection,result,"거울 조각이 손바닥을 파고들자 일행의 상처 위로 단단한 결이 번졌다. 조각은 가시 돋친 갑각처럼 굳어, 앞으로 받을 충격 일부를 되돌릴 힘이 되었다.",
choice.act1.random_event.36.cracked_bronze_mirror.break_false_reflection,label,거울을 천으로 감싸 깨뜨린다,
choice.act1.random_event.36.cracked_bronze_mirror.break_false_reflection,result,"일행이 거울을 천으로 감싸 깨뜨리자 어긋나 있던 방의 반사가 제자리로 돌아왔다. 조각은 평범한 청동 파편으로 식었고, 빈 사랑방에는 더는 낯선 움직임이 비치지 않았다.",
choice.act1.random_event.37.nameless_long_sword_in_rain.draw_nameless_sword,label,장도를 뽑아 수호령의 시험을 받는다,
choice.act1.random_event.37.nameless_long_sword_in_rain.draw_nameless_sword,result,"수호령이 젖은 흙으로 무너지자 장도는 다시 칼집 안에서 잠잠해졌다. 손잡이에 묶인 잿빛 목걸이만 따뜻한 불씨를 머금었고, 일행은 시험의 대가로 그것을 거두었다.",
choice.act1.random_event.37.nameless_long_sword_in_rain.trace_sword_owner_name,label,장도를 건드리지 않고 주인의 흔적을 찾는다,
choice.act1.random_event.37.nameless_long_sword_in_rain.trace_sword_owner_name,result,돌담 아래의 군번 조각과 칼집 안쪽 흔적을 맞추자 지워졌던 이름이 드러났다. 일행은 장도를 무덤 표식 곁에 돌려놓고 그 이름을 빗물에 씻기지 않도록 새겼다. 젖은 흙의 수호령은 끝내 일어나지 않았다.,
choice.act1.random_event.38.three_cups_of_moonlight.combine_three_cups,label,세 잔의 달빛을 한데 굳힌다,
choice.act1.random_event.38.three_cups_of_moonlight.combine_three_cups,result,"세 잔의 빛이 맞부딪히며 가느다란 서리가 맺혔다. 달빛은 차가운 못 하나로 굳었고, 정자에는 빈 돌잔만 남았다.",
choice.act1.random_event.38.three_cups_of_moonlight.drink_one_cup,label,따뜻한 잔 하나를 나누어 마신다,
choice.act1.random_event.38.three_cups_of_moonlight.drink_one_cup,result,따뜻한 달빛이 목을 타고 내려가자 굳었던 숨이 풀렸다. 돌잔의 빛은 사라졌지만 일행의 상처에는 은은한 온기가 남았다.,
choice.act1.random_event.39.self_knotting_rope.keep_blunt_gear,label,도르래 핵을 떼어 유물로 보존한다,
choice.act1.random_event.39.self_knotting_rope.keep_blunt_gear,result,"도르래 핵을 떼어 내자 노끈의 매듭이 천천히 풀렸다. 이가 닳은 톱니는 손안에서도 짧게 떨며 바깥으로 미는 힘을 남겼고, 끊어진 다리는 그대로였다.",
choice.act1.random_event.39.self_knotting_rope.spend_blunt_gear_on_shortcut,label,도르래 핵과 노끈으로 끊어진 다리를 잇는다,
choice.act1.random_event.39.self_knotting_rope.spend_blunt_gear_on_shortcut,result,"무딘 톱니가 돌아가자 노끈은 끊어진 널판을 차례로 끌어당겨 단단한 매듭을 만들었다. 일행이 건넌 뒤 톱니와 줄은 다리 한가운데 고정되어, 가져갈 유물은 남지 않았다.",
choice.act1.random_event.40.jihan_empty_medicine_folio.restore_erased_prescription,label,지한과 함께 지워진 처방을 복원한다,
choice.act1.random_event.40.jihan_empty_medicine_folio.restore_erased_prescription,result,"지한은 약향과 번진 획을 하나씩 짚어 가며 마지막 처방을 다시 적었다. 당장의 상처는 그대로였지만, 잊혔던 치료법과 그가 지키려 했던 이름 하나가 약첩에 돌아왔다.",
choice.act1.random_event.40.jihan_empty_medicine_folio.use_remaining_medicine,label,남은 약재로 일행을 치료한다,
choice.act1.random_event.40.jihan_empty_medicine_folio.use_remaining_medicine,result,지한이 남은 약재를 달여 상처를 씻자 일행의 거친 숨이 가라앉았다. 마지막 약재가 사라진 약첩에는 번진 처방과 빈자리만 남았다.,
choice.act1.random_event.41.yujin_broken_arrow_fletching.follow_false_shot_trail,label,유진과 함께 위장 사격 흔적을 거슬러 간다,
choice.act1.random_event.41.yujin_broken_arrow_fletching.follow_false_shot_trail,result,"유진은 비튼 화살깃이 가리킨 길을 거꾸로 짚어 매복대의 옆을 잡았다. 적들이 물러난 뒤 그는 부러진 화살을 흙에 꽂아, 다시는 같은 유도선이 쓰이지 않게 표시했다.",
choice.act1.random_event.41.yujin_broken_arrow_fletching.repair_fletching_and_withdraw,label,화살깃을 바로잡고 위험한 길을 표시한다,
choice.act1.random_event.41.yujin_broken_arrow_fletching.repair_fletching_and_withdraw,result,"유진은 비틀린 깃을 곧게 펴고 화살대에 위험한 길을 알리는 매듭을 묶었다. 매복대는 그대로 남았지만, 적어도 같은 표식을 따라 들어갈 사람은 줄어들 터였다.",
choice.act1.random_event.42.twice_ringing_mountain_echo.shout_toward_short_echo,label,짧은 메아리 쪽으로 크게 외친다,
choice.act1.random_event.42.twice_ringing_mountain_echo.shout_toward_short_echo,result,가장 짧은 길을 확정하고 적의 경계 기록을 남겼다.,
choice.act1.random_event.42.twice_ringing_mountain_echo.test_echo_quietly,label,돌을 두드려 메아리를 조용히 시험한다,
choice.act1.random_event.42.twice_ringing_mountain_echo.test_echo_quietly,result,다음 길의 성격이 드러났지만 경로는 열려 있다.,
choice.act1.random_event.43.reverse_growing_moss_marker.follow_reverse_moss,label,이끼가 가리키는 길을 살핀다,
choice.act1.random_event.43.reverse_growing_moss_marker.follow_reverse_moss,result,이끼가 번진 면과 바람의 방향을 맞춰 보자 갈림길마다 남은 기척이 달리 읽혔다. 일행은 다음 길들이 품은 성격을 미리 가늠할 수 있게 되었다.,
choice.act1.random_event.43.reverse_growing_moss_marker.remove_reverse_moss,label,표석의 이끼를 걷어 낸다,
choice.act1.random_event.43.reverse_growing_moss_marker.remove_reverse_moss,result,"이끼 뿌리 아래에서 검게 마른 주머니가 떨어졌다. 일행은 독기를 거두었지만, 훼손된 표석에서는 더는 길의 방향을 읽을 수 없었다.",
choice.act1.random_event.44.buried_tax_stele.publish_altered_tax_record,label,조작된 세금 기록을 마을에 공개한다,
choice.act1.random_event.44.buried_tax_stele.publish_altered_tax_record,result,Gold 25와 이중 징수를 드러낸 기록이 함께 확정되었다.,
choice.act1.random_event.44.buried_tax_stele.sell_rubbing_to_tax_collector,label,탁본을 징수책에게 넘긴다,
choice.act1.random_event.44.buried_tax_stele.sell_rubbing_to_tax_collector,result,Gold 75와 이중 징수 증거를 숨긴 기록이 함께 확정되었다.,
choice.act1.random_event.45.false_wildfire_boundary_stones.leave_boundary_untouched,label,경계석을 그대로 두고 지나간다,
choice.act1.random_event.45.false_wildfire_boundary_stones.leave_boundary_untouched,result,"일행은 새 흙과 오래된 홈을 뒤에 두고 조용히 밭둑을 지나갔다. 옮겨진 경계석은 그대로 남았고, 다음 길도 달라지지 않았다.",
choice.act1.random_event.45.false_wildfire_boundary_stones.restore_original_boundary,label,경계석을 원래 자리로 돌려놓는다,
choice.act1.random_event.45.false_wildfire_boundary_stones.restore_original_boundary,result,"경계석이 오래된 홈에 맞물리자 감춰졌던 밭둑과 샘의 경계가 다시 이어졌다. 빼앗긴 땅의 흔적은 드러났지만, 되찾은 옛길 끝에서는 순찰의 방울 소리가 가까워졌다.",
choice.act1.random_event.46.funeral_without_black_cloth.attend_unmarked_funeral,label,말없이 장례의 끝을 지킨다,
choice.act1.random_event.46.funeral_without_black_cloth.attend_unmarked_funeral,result,"일행이 끝까지 자리를 지키자 낯선 조문객 하나가 흰 끈의 매듭을 고쳐 묶었다. 누구의 장례인지는 말하지 않았지만, 그들은 일행의 얼굴을 기억했다.",
choice.act1.random_event.46.funeral_without_black_cloth.inspect_empty_bier,label,빈 상여 안쪽을 확인한다,
choice.act1.random_event.46.funeral_without_black_cloth.inspect_empty_bier,result,"빈 상여 아래에서 그물과 무기가 튀어나왔다. 매복을 물리친 뒤에도 상여 안에는 이름도 시신도 없었고, 잘린 흰 끈만 남았다.",
choice.act1.random_event.46.funeral_without_black_cloth.leave_funeral_untouched,label,장례를 건드리지 않고 떠난다,
choice.act1.random_event.46.funeral_without_black_cloth.leave_funeral_untouched,result,일행은 빈 상여와 낯선 조문객을 뒤에 두고 길을 계속 갔다. 흰 끈이 바람에 한 번 흔들렸지만 누구도 뒤돌아보지 않았다.,
choice.battle.normal.001.help_merchant,label,상인을 돕는다.,
choice.battle.normal.001.help_merchant,result,일행은 상인을 보호하기 위해 다가오는 위협과 맞서기로 했다.,
choice.battle.normal.002.protect_guard,label,포졸을 지킨다.,
choice.battle.normal.002.protect_guard,result,일행은 쓰러진 포졸을 등지고 다가오는 위협과 맞섰다.,
choice.battle.normal.003.search_child,label,아이를 찾는다.,
choice.battle.normal.003.search_child,result,일행은 아이의 흔적을 따라 숲속으로 향했다.,
choice.battle.normal.004.open_funeral_path,label,장례 행렬의 길을 연다.,
choice.battle.normal.004.open_funeral_path,result,일행은 장례 행렬을 지키기 위해 길을 가로막은 위협과 맞섰다.,
choice.battle.normal.005.prepare_battle,label,전투를 준비한다.,
choice.battle.normal.005.prepare_battle,result,일행은 수도승의 경고를 뒤로하고 다가오는 위협에 대비했다.,
choice.ch1.act1.ask_child_alive,label,아이가 살아있다고 생각합니까?,
choice.ch1.act1.ask_human_trace,label,사람 짓이라고 생각합니까?,
choice.ch1.act1.ask_incident,label,무슨 일이 있었습니까?,
choice.ch1.act1.ask_last_words,label,마지막으로 남긴 말이 있습니까?,
choice.ch1.act1.check_facts,label,소문보다 사실부터 확인하겠습니다.,
choice.ch1.act1.confirm_field,label,직접 확인해보죠.,
choice.ch1.act1.enter_battle,label,마을 사람들을 구한다.,
choice.ch1.act1.enter_battle,result,서진은 무기를 고쳐 쥐고 습격자들 사이로 뛰어들었다.,
choice.ch1.act1.go_to_archer,label,궁수를 만나러 간다.,
choice.ch1.act1.go_to_physician,label,의원을 만나러 간다.,
choice.ch1.act1.listen_villagers,label,주민들이 뭘 봤는지 직접 들어보겠습니다.,
choice.ch1.act1.recruit_jihan,label,함께 가주십시오. 살아있다면 당신이 필요합니다.,
choice.ch1.act1.recruit_jihan,result,서진은 첫 번째 동행자를 정했다.\n\n하지만 숲으로 들어가기엔 아직 부족했다.\n\n마을에는 이 사건을 다른 눈으로 바라보는 이들이 더 있었다.,
choice.ch1.act1.recruit_yujin,label,동행해주십시오. 흔적을 읽는 사람이 필요합니다.,
choice.ch1.act1.recruit_yujin,result,서진은 첫 번째 동행자를 정했다.\n\n하지만 숲으로 들어가기엔 아직 부족했다.\n\n마을에는 이 사건을 다른 눈으로 바라보는 이들이 더 있었다.,
choice.ch1.act2.ask_child_alive,label,아이가 살아있다고 생각합니까?,
choice.ch1.act2.ask_human_trace,label,사람 짓이라고 생각합니까?,
choice.ch1.act2.ask_last_words,label,마지막으로 남긴 말이 있습니까?,
choice.ch1.act2.check_facts,label,소문보다 사실부터 확인하겠습니다.,
choice.ch1.act2.confirm_field,label,직접 확인해보죠.,
choice.ch1.act2.listen_villagers,label,주민들이 뭘 봤는지 직접 들어보겠습니다.,
choice.ch1.act2.unlock_archer_path,label,궁수의 흔적을 조사하기로 한다.,
choice.ch1.act2.unlock_archer_path,result,서진은 궁수가 발견한 흔적을 따라가 보기로 했다. 실제 조사는 다음 길에서 이어질 것이다.,
choice.ch1.act2.unlock_physician_path,label,의원의 단서를 조사하기로 한다.,
choice.ch1.act2.unlock_physician_path,result,서진은 의원이 짚은 단서를 따라가 보기로 했다. 실제 조사는 다음 길에서 이어질 것이다.,
choice.ch1.act3_1.follow_physician_clue,label,의원이 말한 단서를 추적한다.,
choice.ch1.act3_1.recruit_jihan,label,함께 가주십시오. 살아있는 아이들을 구해야 합니다.,
choice.ch1.act3_1.recruit_jihan,result,지한이 파티에 합류했다.\n\n이제 서진은 혼자가 아니었다.,
choice.ch1.act3_2.follow_archer_trace,label,궁수가 발견한 흔적을 추적한다.,
choice.ch1.act3_2.follow_deeper_trace,label,더 깊은 숲의 흔적을 따라간다.,
choice.ch1.act3_2.recruit_muin,label,함께 가주십시오. 아이들을 구하는 데 힘이 필요합니다.,
choice.ch1.act3_2.recruit_muin,result,무인이 파티에 합류했다.\n\n서진의 여정에 두 번째 동행자가 생겼다.,
choice.ch1.act3_2.recruit_yujin,label,동행해주십시오. 흔적을 읽는 사람이 필요합니다.,
choice.ch1.act3_2.recruit_yujin,result,유진이 파티에 합류했다.\n\n서진은 이제 숲의 흔적을 따라갈 수 있게 되었다.,
choice.ch1.act4.attack,label,산채를 공격한다.,
choice.ch1.act4.attack,result,서진과 동료들은 산채를 향해 돌격했다.,
choice.ch1.act4_1.protect_jihan,label,지한을 지키며 산길을 돌파한다.,
choice.ch1.act4_1.protect_jihan,result,서진은 지한이 부상자의 흔적을 살필 수 있도록 앞을 막아섰다.,
choice.ch1.act4_2.break_scouts,label,유진과 함께 정찰대를 돌파한다.,
choice.ch1.act4_2.break_scouts,result,서진은 유진이 길을 읽을 수 있도록 적의 시선을 끌며 앞으로 나섰다.,
choice.ch1.act5_1.recruit_muin,label,함께 가주십시오. 아이들을 구하는 데 힘이 필요합니다.,
choice.ch1.act5_1.recruit_muin,result,무인이 파티에 합류했다.\n\n서진과 지한의 여정에 세 번째 동행자가 생겼다.,
choice.ch1.act5_2.recruit_jihan,label,함께 가주십시오. 살아있는 아이들을 구해야 합니다.,
choice.ch1.act5_2.recruit_jihan,result,지한이 파티에 합류했다.\n\n서진과 유진의 여정에 세 번째 동행자가 생겼다.,
choice.ch1.act6.attack,label,산채를 공격한다.,
choice.ch1.act6.attack,result,"서진, 지한, 유진은 각자의 역할을 맡아 산채를 향해 돌격했다.",
choice.ch1.episode1.enter_battle,label,마을 사람들을 구한다.,
choice.ch1.episode1.enter_battle,result,"서진은 오래 묻어 둔 후회를 삼키고, 검은 천의 무리 사이로 뛰어들었다.",
choice.ch1.episode2.ask_child_alive,label,아이가 살아 있다고 믿는지 묻는다,
choice.ch1.episode2.ask_child_alive,result,지한은 죽었다고 단정하는 순간 구할 수 있는 것도 놓치게 된다고 답한다.,
choice.ch1.episode2.ask_human_trace,label,사람의 흔적인지 묻는다,
choice.ch1.episode2.ask_human_trace,result,유진은 시작은 사람의 짓이지만 끝까지 사람의 일일지는 아직 모른다고 말한다.,
choice.ch1.episode2.ask_last_words,label,마지막 단서를 묻는다,
choice.ch1.episode2.ask_last_words,result,아이의 가족은 숲과 붉은 천 인형에 대한 말을 떠올린다.,
choice.ch1.episode2.check_facts,label,남은 흔적부터 확인한다,
choice.ch1.episode2.check_facts,result,서진은 사건을 소문이 아니라 추적 가능한 흔적의 문제로 보기 시작한다.,
choice.ch1.episode2.confirm_field,label,직접 확인한다,
choice.ch1.episode2.confirm_field,result,서진은 유진이 읽어낸 발자국과 수레 자국을 직접 확인한다.,
choice.ch1.episode2.listen_villagers,label,아이의 가족에게 묻는다,
choice.ch1.episode2.listen_villagers,result,서진은 실종 아이의 집에서 마지막 목격 정보와 감정의 단서를 확인하기로 한다.,
choice.ch1.episode2.unlock_archer_path,label,유진의 흔적을 따라간다,
choice.ch1.episode2.unlock_archer_path,result,서진은 유진이 읽어낸 발자국과 지워진 수레 자국을 따라 숲으로 향하기로 한다.,
choice.ch1.episode2.unlock_physician_path,label,지한의 단서를 따라간다,
choice.ch1.episode2.unlock_physician_path,result,서진은 붉은 천 인형과 아이의 마지막 말을 따라 숲 안쪽을 조사하기로 한다.,
choice.ch1.episode3_1.accept_jihan_join,label,지한의 동행을 받아들인다,
choice.ch1.episode3_1.accept_jihan_join,result,"지한이 동행에 합류하고, 서진은 아이들을 살려낼 손과 함께 움직이게 된다.",
choice.ch1.episode3_1.defend_jihan_and_child,label,지한과 아이를 지킨다,
choice.ch1.episode3_1.defend_jihan_and_child,result,서진은 오두막 앞 좁은 길목에서 굶주린 짐승과 검은 천 추격자들을 막아내기 위해 전투에 들어간다.,
choice.ch1.episode3_1.follow_physician_clue,label,붉은 천 인형의 흔적을 따라간다.,
choice.ch1.episode3_1.recruit_jihan,label,함께 가주십시오. 살아 있는 아이들을 구해야 합니다.,
choice.ch1.episode3_1.recruit_jihan,result,지한이 파티에 합류했다.\n\n서진은 이제 아이들을 살려낼 손과 함께 움직이게 되었다.,
choice.ch1.episode3_2.accept_yujin_join,label,유진의 동행을 받아들인다,
choice.ch1.episode3_2.accept_yujin_join,result,"유진이 파티에 합류하고, 서진은 산길을 읽는 눈과 함께 움직이게 된다.",
choice.ch1.episode3_2.enter_battle,label,수련장의 산적들을 제압한다,
choice.ch1.episode3_2.enter_battle,result,서진과 유진은 낡은 수련장의 포위망을 돌파하기 위해 전투에 들어간다.,
choice.ch1.episode3_2.follow_deeper_trace,label,지워진 흔적을 더 깊이 추적한다.,
choice.ch1.episode3_2.recruit_yujin,label,함께 가주십시오. 아이들의 흔적을 놓칠 수 없습니다.,
choice.ch1.episode3_2.recruit_yujin,result,유진이 파티에 합류했다.\n\n서진은 이제 산길을 읽는 눈과 함께 움직이게 되었다.,
choice.ch1.episode4_1.follow_bloody_trace,label,피 묻은 흔적을 따라간다,
choice.ch1.episode4_1.follow_bloody_trace,result,서진과 지한은 짐승 무리를 피해 아이의 흔적이 이어지는 산길을 따라간다.,
choice.ch1.episode4_1.protect_jihan,label,지한을 지키며 산길을 돌파한다.,
choice.ch1.episode4_1.protect_jihan,result,서진은 지한이 아이의 흔적을 살필 수 있도록 앞을 막아섰다.,
choice.ch1.episode4_2.break_scouts,label,유진과 함께 정찰대를 돌파한다.,
choice.ch1.episode4_2.break_scouts,result,서진은 유진이 지워진 길을 다시 읽어낼 수 있도록 적의 시선을 끌며 앞으로 나섰다.,
choice.ch1.episode4_2.confirm_erased_trail,label,지워진 흔적을 확인한다,
choice.ch1.episode4_2.confirm_erased_trail,result,서진과 유진은 남은 흔적이 묻히기 전에 그 길이 어디로 이어지는지 확인한다.,
choice.ch1.episode5_1.accept_yujin_join,label,유진과 함께 움직인다,
choice.ch1.episode5_1.accept_yujin_join,result,"유진이 파티에 합류하고, 서진 일행은 산길을 읽는 눈까지 얻게 된다.",
choice.ch1.episode5_1.enter_battle,label,포위망을 돌파한다,
choice.ch1.episode5_1.enter_battle,result,서진 일행은 낡은 수련장을 빠져나가기 위해 산적들과 전투에 들어간다.,
choice.ch1.episode5_1.recruit_yujin,label,함께 가주십시오. 아이들의 흔적을 놓칠 수 없습니다.,
choice.ch1.episode5_1.recruit_yujin,result,유진이 파티에 합류했다.\n\n서진과 지한은 산길을 읽는 눈까지 얻게 되었다.,
choice.ch1.episode5_2.accept_jihan_join,label,지한의 동행을 받아들인다,
choice.ch1.episode5_2.accept_jihan_join,result,"지한이 파티에 합류하고, 서진과 유진은 아이들을 살려낼 손까지 얻게 된다.",
choice.ch1.episode5_2.enter_battle,label,오두막 포위를 돌파한다,
choice.ch1.episode5_2.enter_battle,result,서진과 유진은 지한이 아이를 데리고 빠져나갈 수 있도록 오두막 앞 적들과 전투에 들어간다.,
choice.ch1.episode5_2.recruit_jihan,label,함께 가주십시오. 살아있는 아이들을 구해야 합니다.,
choice.ch1.episode5_2.recruit_jihan,result,지한이 파티에 합류했다.\n\n서진과 유진은 아이들을 살려낼 손까지 얻게 되었다.,
choice.ch1.episode6.attack,label,산채를 공격한다.,
choice.ch1.episode6.attack,result,"서진, 지한, 유진은 각자의 역할을 맡아 산채를 향해 돌격했다.",
choice.ch1.episode6.enter_battle,label,산채를 공격한다,
choice.ch1.episode6.enter_battle,result,"서진, 지한, 유진은 아이들을 구하기 위해 산채를 향해 돌격한다.",
choice.job.first.archer_archmaster,label,유진의 감각을 더욱 날카롭게 벼린다.,
choice.job.first.archer_archmaster,result,수많은 추적과 전투를 거치며 유진은 바람의 결 너머에 숨은 움직임까지 읽게 되었다. 그녀의 화살은 이제 산귀가 몸을 숨길 틈조차 허락하지 않는다.,
choice.job.first.monk_vajra_monk,label,지한의 몸과 마음을 더욱 굳건히 단련한다.,
choice.job.first.monk_vajra_monk,result,고행과 전투를 견딘 지한의 몸에는 흔들림 없는 힘이 자리 잡았다. 그는 이제 거센 요기 앞에서도 동료를 지킬 수 있다.,
choice.job.first.physician_royal_physician,label,의관을 어의로 전직시킨다.,
choice.job.first.physician_royal_physician,result,의관이 전장의 생명을 살리는 어의의 길에 들어섰다.,
choice.job.first.scholar_strategist,label,유생을 병법가로 전직시킨다.,
choice.job.first.scholar_strategist,result,유생이 전장의 흐름을 읽는 병법가의 길에 들어섰다.,
choice.job.first.skip,label,지금은 전직하지 않는다.,
choice.job.first.skip,result,일행은 아직 때가 아니라고 판단하고 전직을 보류했다.,
choice.job.first.soldier_general,label,서진의 잠재된 힘을 일깨운다.,
choice.job.first.soldier_general,result,수많은 싸움으로 단련된 서진의 기세가 한층 강해졌다. 이제 그는 더 거센 산귀와 요물 앞에서도 물러서지 않을 것이다.,
choice.job.second.archer_first,label,유진의 감각을 더욱 날카롭게 벼린다.,
choice.job.second.archer_first,result,수많은 추적과 전투를 거치며 유진은 바람의 결 너머에 숨은 움직임까지 읽게 되었다. 그녀의 화살은 이제 산귀가 몸을 숨길 틈조차 허락하지 않는다.,
choice.job.second.archer_second,label,유진의 시야를 인간의 한계 너머로 연다.,
choice.job.second.archer_second,result,짙은 안개와 요기가 시야를 삼켜도 유진의 눈은 흔들리지 않는다. 활시위를 떠난 화살은 보이지 않는 원한의 맥까지 찾아 꿰뚫는다.,
choice.job.second.monk_first,label,지한의 몸과 마음을 더욱 굳건히 단련한다.,
choice.job.second.monk_first,result,고행과 전투를 견딘 지한의 몸에는 흔들림 없는 힘이 자리 잡았다. 그는 이제 거센 요기 앞에서도 동료를 지킬 수 있다.,
choice.job.second.monk_second,label,지한의 신념을 금강과 같은 경지로 이끈다.,
choice.job.second.monk_second,result,원혼의 울음과 요기의 압박 속에서도 지한의 마음은 흔들리지 않는다. 금강처럼 굳어진 그의 의지는 자신과 동료를 범접할 수 없는 방벽으로 감싼다.,
choice.job.second.skip,label,지금은 전직하지 않는다.,
choice.job.second.skip,result,일행은 제단의 불빛을 뒤로하고 다음 기회를 기다리기로 했다.,
choice.job.second.soldier_first,label,서진의 잠재된 힘을 일깨운다.,
choice.job.second.soldier_first,result,수많은 싸움으로 단련된 서진의 기세가 한층 강해졌다. 이제 그는 더 거센 산귀와 요물 앞에서도 물러서지 않을 것이다.,
choice.job.second.soldier_second,label,서진을 한계 너머의 경지로 이끈다.,
choice.job.second.soldier_second,result,"죽은 자의 원한과 산 자의 두려움이 뒤엉킨 전장을 지나며, 서진의 혼은 쇠처럼 벼려졌다. 이제 그의 의지는 어떤 산귀의 사기에도 꺾이지 않는다.",
node.act1.chapter01.episode01.black_cloth_raid,body,"광장 쪽에서 항아리 깨지는 소리와 비명이 터졌다. 검은 천을 두른 무리가 주민들을 우물가로 몰아붙이고 있었다. 그들은 마른 체구에 어깨가 솟아 있었고, 코와 입을 때 묻은 천으로 감춘 채 이마에 흰 재를 문질러 놓았다. 해진 겉옷의 허리마다 붉은 천 인형과 짐승 이빨이 흔들렸고, 목에는 산귀 얼굴을 거칠게 깎은 나무패가 걸려 있었다. [전투] 청운촌 광장 습격\n\n앞줄의 사내들은 이가 빠진 곡도와 녹슨 도끼를 들고 문짝 방패로 주민들을 밀었다. 뒤쪽의 무리는 방울 달린 장대를 흔들며 산귀가 아이를 데려갔으니 제물을 내놓으라고 외쳤다. 그러나 그들이 짓밟은 흙에는 산에서 내려온 발자국이 아니라, 짐을 실은 수레가 마을 밖으로 빠져나간 자국이 선명했다.",
node.act1.chapter01.episode01.black_cloth_raid.next,label,다음,
node.act1.chapter01.episode01.black_cloth_raiders,body,"청운촌에 가까워질수록 공기는 무겁고 메말랐다. 논은 갈라져 있었고, 길가의 수레는 쓰러져 있었으며, 마을 쪽에서는 사람들의 비명과 짐승 같은 울음소리가 뒤섞여 들려왔다. 광장에는 검은 천을 두른 무리들이 주민들을 몰아붙이고 있었다. 그들은 얼굴 아래쪽을 검은 천으로 가리고, 이마에는 흰 재를 문지른 듯한 얼룩을 남기고 있었다.\n\n옷차림은 제각각이었다. 누군가는 찢어진 농민복 위에 가죽 조각을 덧대 입었고, 누군가는 낡은 승복 같은 천을 어깨에 걸쳤다. 다만 허리춤에 붉은 천 인형을 부적처럼 매달고 있다는 점만은 같았다.",
node.act1.chapter01.episode01.black_cloth_raiders.next,label,??,
node.act1.chapter01.episode01.raider_weapons,body,"무기는 손에 잡히는 대로 주워 든 것처럼 보였다. 짧은 곡도는 이가 빠져 있었고, 녹슨 도끼에는 말라붙은 흙이 끼어 있었다. 방패 대신 뜯어낸 문짝을 든 자의 팔에는 낡은 붕대가 겹겹이 감겨 있었고, 쇠사슬을 든 자의 손목에는 방울과 짐승 이빨이 꿰인 끈이 흔들렸다. 산적이라기에는 지나치게 의식적인 치장이었다.\n\n사정을 물을 시간은 없었다. 지금 필요한 것은 질문이 아니라, 살아 있는 사람들을 지키는 일이었다.",
node.act1.chapter01.episode01.raider_weapons.next,label,??,
node.act1.chapter01.episode01.rescue_charge,body,"서진은 청운촌 주민들을 지키며 검은 천의 무리를 몰아낸다.\n\n서진은 주민들을 마른 우물 뒤로 물리고 검을 뽑았다. 붉은 천 인형의 방울이 일제히 울리자, 그는 광장 한가운데를 막아선 무리에게 달려들었다.",
node.act1.chapter01.episode01.rumor_arrival,body,"서진이 청운촌의 이름을 들은 것은 산 아래 객잔에서였다. 가뭄에 시달리는 산촌에서 아이들이 사라지고, 밤마다 산에 사는 귀신이 아이들을 부른다는 소문이었다. 누군가는 산적의 짓이라 했고, 누군가는 산귀의 저주라\n\n했다. 서진은 그런 소문을 그냥 지나치지 못했다. 어린 시절, 그는 가뭄을 피해 가족과 산길을 떠돌다 청운촌 근처에서 여동생의 손을 놓쳤다. 그날 이후 아이가 사라졌다는 말은 늘 같은 후회로 돌아왔다.",
node.act1.chapter01.episode01.rumor_arrival.next,label,??,
node.act1.chapter01.episode01.village_arrival,body,"긴 가뭄을 견디지 못한 논은 거북등처럼 갈라져 있었고, 청운촌 어귀의 버드나무는 잎을 반쯤 떨군 채 누렇게 말라 있었다. 우물 앞에는 빈 물동이가 줄지어 놓였지만, 바닥에서는 젖은 흙 냄새조차 올라오지 않았다. 서진은 산 아래 객잔에서 아이 셋이 한 달 사이 사라졌다는 말을 듣고 마을로 들어섰다. 오래전 이 근처에서 여동생의 손을 놓친 기억 때문에 그냥 지나칠 수 없었다.",
node.act1.chapter01.episode01.village_arrival.next,label,다음,
node.act1.chapter01.episode01.village_attack,body,"서진은 오래 묻어 둔 후회를 삼키고, 검은 천의 무리 사이로 뛰어들었다. 가장 먼저 다가온 것은 사슬을 끄는 키 큰 사내였다. 검은 천 사이로 드러난 눈가는 피로 갈라져 있었고, 목에는 산귀의 얼굴을 거칠게 깎은 나무패가 걸려 있었다. 서진은 주민들을 등 뒤에 두고, 그 기괴한 차림의 무리 사이로 길을 열어야 했다.",
node.act1.chapter01.episode02.001,body,습격이 물러간 뒤에도 청운촌 광장에는 가뭄과 불안이 남아 있었다. 촌장 최만생은 실종된 아이들이 모두 숲 근처에서 마지막으로 목격되었다고 전한다.,
node.act1.chapter01.episode02.002,body,숲 입구 근처에는 사람 발자국과 수레 자국이 남아 있었다. 유진은 흔적이 사라진 것이 아니라 누군가 지운 것이라고 판단한다.,
node.act1.chapter01.episode02.003,body,실종 아이의 집에는 지친 어머니와 아이 이름이 적힌 종이가 남아 있었다. 아이의 그림 속 마른 나무 아래에는 붉은 천 인형과 아이를 부르는 말이 그려져 있다.,
node.act1.chapter01.episode02.004,body,"붉은 천 인형, 아이를 부르는 말, 지워진 발자국과 수레 자국은 모두 숲으로 이어진다. 서진은 산귀 소문 뒤에 숨은 진실을 아직 단정하지 않기로 한다.",
node.act1.chapter01.episode02.005,body,서진은 유진과 함께 지워진 흔적을 따라 숲으로 들어가기로 한다. 실종 사건은 괴담이 아니라 추적해야 할 사건이 되었다.,
node.act1.chapter01.episode02.choose_first_trace,body,"두 단서는 서로 다른 방향이었지만, 붉은 실 매듭의 모양은 같았다. 서진은 어느 쪽을 먼저 확인할지 정해야 했다. 선택: 지한과 함께 아이의 그림에 남은 서쪽 약초꾼 길을 조사한다. 서진은 살아 있는 아이를 먼저 찾기 위해 붉은 천 인형이 그려진 마른 나무로 향했다. 선택: 유진과 함께 지워진 수레 자국을 따라 동쪽 폐수련장으로 향한다.\n\n서진은 납치범의 이동로를 밝히기 위해 유진이 복원한 흔적을 따라 숲으로 들어갔다.",
node.act1.chapter01.episode02.forest_departure,body,서진은 유진이 읽어낸 발자국과 지워진 수레 자국을 따라 숲으로 향하기로 했다.,
node.act1.chapter01.episode02.forest_lead,body,"서진은 먼저 사건의 흔적을 확인하기로 했다. 촌장은 숲에서 막 돌아온 궁수가 있다며 마을 외곽을 가리켰다. 숲 입구 근처, 젖은 흙길 위에 한 여인이 무릎을 꿇고 발자국을 살피고 있었다. 그녀는 유진이었다. 산길과 짐승의 흔적을 읽는 데 익숙한 궁수였다. ""여기.\n\n사람 발자국이야. 수레 자국도 있고."" 유진은 손끝으로 흙을 쓸었다. ""그런데 이상하게 중간부터 흔적이 사라져. 사라진 게 아니라, 누가 지운 거야.""",
node.act1.chapter01.episode02.forest_lead.next,label,??,
node.act1.chapter01.episode02.jihan_clue,body,"지한은 잠시 말이 없었다. 실종된 아이들의 이름이 적힌 종이를 바라보던 그는 천천히 입을 열었다. ""살아 있다고 믿고 찾아야 합니다."" ""죽었다고 단정하는 순간, 구할 수 있는 것도 놓치게 됩니다."" 그의 목소리에는 막연한 위로가 아니라 끝까지 포기하지 않겠다는 고집이 담겨 있었다. ""적어도 저는 아직 장례를 치를 생각이 없습니다."" 아이의 어머니는 떨리는 손으로 그림 한 장을 내밀었다. ""숲에서 언니가 부른다고 했습니다. 그저 아이들 장난인 줄 알았습니다.""\n\n그림 속 마른 나무 아래에는 붉은 천으로 만든 작은 인형이 그려져 있었다. 산귀를 달래는 부적 같기도 했고, 누군가 아이를 꾀기 위해 남긴 표식 같기도 했다. 어머니는 아이가 정신없이 중얼거리던 말을 하나 더 떠올렸다. ""오빠가 늦었다고... 그렇게 말했습니다. 무슨 뜻인지는 모르겠습니다."" 지한은 약상자를 챙기며 낮게 말했다. ""숲으로 들어간다면 다친 아이가 있을지도 모릅니다. 제가 함께 가겠습니다.""",
node.act1.chapter01.episode02.jihan_clue.next,label,??,
node.act1.chapter01.episode02.jihan_house,body,"서진은 실종된 아이의 집을 찾았다. 집 안에는 울음을 참다 지친 어머니와, 그녀 곁에서 밤새 자리를 지킨 젊은 승려가 있었다. 지한이라는 이름의 그는 작은 약상자를 곁에 두고 아이들의 이름이 적힌 종이를 바라보고 있었다. ""아이를 찾으러 오셨군요."" 지한은 조용히 고개를 숙였다. ""범인이 누구인지는 아직 모릅니다.\n\n하지만 살아 있을 가능성을 먼저 버려서는 안 됩니다. 다친 아이라도 있다면, 지금도 누군가의 손을 기다리고 있을 겁니다.""",
node.act1.chapter01.episode02.village_after_attack,body,"습격자들이 물러난 뒤에도 광장에는 깨진 항아리와 붉은 실이 남았다. 촌장 최만석은 마른 손으로 수염을 쓸며 아이 셋이 모두 산 근처에서 사라졌다고 말했다. 그는 산귀의 저주가 분명하다며 산에 들어가지 말라고 거듭 막았지만, 산적이 남긴 수레 자국에는 눈길도 주지 않았다.\n\n실종된 아이의 어머니는 딸이 사라지기 전날 밤, 잠결에 ""언니가 숲에서 불러""라고 중얼거렸다고 전했다. 아이가 남긴 그림에는 잎이 모두 떨어진 나무와 그 아래 매달린 붉은 천 인형, 무릎을 꿇은 삿갓 쓴 사람이 그려져 있었다. 마을에 머물던 승려 지한은 그림 속 나무가 서쪽 약초꾼 길에 있다며, 다친 아이가 살아 있다면 먼저 찾아야 한다고 말했다. 그의 등에 멘 약상자에는 붕대와 부목, 작은 약병이 빈틈없이 정리되어 있었다.",
node.act1.chapter01.episode02.yujin_trace,body,서진은 붉은 천 인형과 아이의 마지막 말을 따라 숲 안쪽을 조사하기로 했다.,
node.act1.chapter01.episode02.yujin_trace.next,label,??,
node.act1.chapter01.episode02.yujin_warning,body,"""귀신이 밧줄을 끌고 수레를 몰진 않겠지."" 유진은 숲 안쪽을 바라보며 짧게 말했다. ""적어도 시작은 사람 짓이야. 다만 끝까지 사람의 일일지는 아직 몰라."" 그 말에는 산귀의 소문을 비웃는 냉소보다, 설명되지 않는 무언가를 경계하는 신중함이 섞여 있었다. ""좋아. 말보다\n\n발이 빠른 사람은 마음에 들어."" 유진은 활을 고쳐 메고 일어섰다. ""다만 숲 안에서는 내 말도 들어야 해. 길을 잘못 들면 사람도 짐승도 똑같이 죽어."" 그녀는 산안개가 내려앉은 숲을 바라보았다. 두려워하는 기색은 없었지만, 가볍게 보는 얼굴도 아니었다.",
node.act1.chapter01.episode02.yujin_warning.next,label,??,
node.act1.chapter01.episode02.yujin_wheel_trace,body,"한편 숲 입구를 살피던 궁수 유진은 사람 발자국과 좁은 수레바퀴 자국을 찾아냈다. 흔적은 중간에서 끊긴 듯 보였지만, 주변 풀잎이 같은 방향으로 눕고 마른 흙만 새로 덮여 있었다. 유진은 누군가 산귀의 소문을 이용하려 흔적을 지웠다고 판단했다. 짧은 활을 등에 걸친 그녀는 산속의 바람과 새소리를 번갈아 들으며 동쪽 폐수련장으로 이어지는 길을 가리켰다.",
node.act1.chapter01.episode02.yujin_wheel_trace.next,label,다음,
node.act1.chapter01.episode03_1.defend_hut,body,서진은 지한과 다친 아이를 지키며 검은 천의 추격자들을 막아낸다.\n\n서진은 좁은 문간을 등지고 검을 세웠다. 지한이 아이를 안쪽으로 옮기는 동안 붉은 천을 맨 짐승들과 쇠고리를 든 추격자들이 한꺼번에 달려들었다.,
node.act1.chapter01.episode03_1.hut_pursuers,body,"서진은 오두막 앞에 서서 몰려드는 적들을 맞았다. 오두막 앞에 모인 적들은 사람과 짐승이 한 무리처럼 뒤섞인 모습이었다. 낮게 웅크린 들개들의 등 위로는 갈비뼈가 빗살처럼 솟아 있었고, 그 뒤에 선 추격자들은 진흙이 굳은 검은 두건 때문에 얼굴 윤곽조차 뚜렷하지 않았다.\n\n긴 장대를 든 자는 비쩍 마른 팔에 짐승 이빨 팔찌를 여러 겹 차고 있었고, 손도끼를 든 둘은 허리에 작은 뼈 장식과 붉은 노끈을 매달고 있었다. 서진은 아이에게 향하는 길목을 몸으로 막고, 진흙 두건과 뼈 장식을 단 추격자들이 오두막 안을 들여다보지 못하게 버텨야 했다.",
node.act1.chapter01.episode03_1.hut_pursuit,body,"서진이 물을 건네자 아이는 떨리는 손으로 북쪽 산등성이를 가리켰다. 그 순간 오두막 밖에서 짧은 휘파람과 짐승 발톱이 흙을 긁는 소리가 겹쳐 들렸다. 굶주린 들개와 산늑대들이 낮게 몸을 숙인 채 숲을 메웠다. 털은 군데군데 빠지고 갈비뼈가 드러났으며, 목덜미에는 오래된 밧줄 자국과 새로 묶은 붉은 천이 남아 있었다. 뒤따른 추격자들은 진흙으로 굳은 두건 아래 눈만 드러내고, 긴 장대와 손도끼, 짐승 우리에 쓰는 쇠고리를 들었다. 그들의 소매에는 광장에서 본 것과 같은 흰 재 얼룩이 찍혀 있었다.\n\n지한은 약상자를 닫고 아이 앞을 가로막았다. 그는 싸움보다 치료가 먼저라며 서진에게 오두막 입구를 맡겼다. [전투] 숲속 오두막의 추격자",
node.act1.chapter01.episode03_1.hut_pursuit.next,label,다음,
node.act1.chapter01.episode03_1.jihan_hut,body,"숲 깊은 곳의 낡은 오두막 앞에는 피 묻은 천과 급히 만든 부목이 놓여 있었다. 그곳에서 서진은 다친 아이를 돌보고 있는 지한을 다시 만났다. 지한은 지친 얼굴이었지만, 아이의 숨을 살피는 손만큼은 조금도 흔들리지 않았다. ""아직 늦지 않았습니다."" 그는 서진을 바라보았다.\n\n""살아 있는 아이를 찾게 된다면 반드시 치료할 사람이 필요합니다. 저도 함께 가겠습니다.""",
node.act1.chapter01.episode03_1.jihan_join,body,"지한이 파티에 합류했다. 서진은 이제 아이들을 살려낼 손과 함께 움직이게 되었다. 그 순간 오두막 뒤편의 수풀에서 거친 숨소리가 들려왔다. 피 냄새를 맡은 짐승들과, 그 뒤를 따라온 검은 천의 추격자들이 좁은 산길을 막아섰다. 다친 아이를 데리고는 도망칠 수도 없었다. 짐승들은 굶주린 들개와 산늑대가 뒤섞인 무리였다. 갈비뼈가 드러날 만큼 말랐고, 털은 군데군데 빠져 피부가 얼룩처럼 드러나 있었다. 목에는 낡은 노끈과 붉은 천 조각이 묶여 있었고, 몇 마리의 귀에는 인두로 찍은 듯한 검은 표식이 남아 있었다. 그 뒤의 추격자들은 검은 천을 머리부터 어깨까지 두르고 있었다. 천 위에는 마른 진흙이 발려 있어 나무껍질처럼 갈라졌고, 얼굴 부분에는 눈만 겨우 보이는 좁은 틈이 나 있었다. 긴 장대를 든 자의 등에는 짐승 우리를 묶는 데 쓰는 쇠고리가 매달려 있었고, 손도끼를 든 자들은 팔에 산귀 부적을 감아 상처를 가리고 있었다. 지한은 아이를 뒤로 물리고 약상자를 내려놓았다. ""제가 아이를 지키겠습니다.\n\n길을 열어주십시오."" 서진은 검을 뽑아 들었다.",
node.act1.chapter01.episode03_1.jihan_join.next,label,??,
node.act1.chapter01.episode03_1.red_doll_trail,body,"붉은 천 인형의 단서를 따라 숲 안쪽으로 들어가자 오래된 산길이 모습을 드러냈다. 길가의 풀은 누군가 급히 지나간 듯 꺾여 있었고, 마른 흙 위에는 작은 발자국이 희미하게 남아 있었다. 평범한 사람이 다니는 길은 아니었다. 길모퉁이에 묶인 낡은 천 조각을 본 순간, 서진은 오래전 여동생의 머리끈을 떠올렸다.\n\n색도 무늬도 달랐지만, 이상하게 손끝이 차가워졌다. 서진은 누군가 아이들을 산 깊은 곳으로 이끌고, 그 흔적을 일부러 감추고 있다는 느낌을 받았다.",
node.act1.chapter01.episode03_1.red_doll_tree,body,"서쪽 약초꾼 길은 가시덤불에 덮여 있었지만, 낮은 가지마다 붉은 실이 한 올씩 걸려 있었다. 길 끝의 마른 느티나무에는 아이 그림과 같은 천 인형이 매달려 있었다. 인형 아래의 작은 발자국은 피 묻은 약초 잎과 함께 비탈 아래 오두막으로 이어졌다. 무너진 오두막 안에서는 지한이 다친 여자아이의 발목에 부목을 대고 있었다. 삿갓을 벗은 그의 머리에는 오래된 계인 흉터가 희미했고, 잿빛 장삼의 소매에는 약초즙과 아이의 피가 묻어 있었다. 지한은 아이가 산속에서 도망쳐 나왔으며, 다른 아이들은 검은 천을 쓴 자들이 더 깊은 곳으로 끌고 갔다고 전했다.\n\n서진은 지한의 치료를 도우며 아이가 본 납치범의 이동로를 듣는다.",
node.act1.chapter01.episode03_2.break_training_ground,body,"[전투] 낡은 수련장의 감시자 서진은 유진과 함께 폐수련장의 감시자들을 돌파한다.\n\n서진은 낮은 방패벽으로 파고들었고, 유진은 지붕의 궁수들이 시위를 놓지 못하도록 차례로 화살을 날렸다.",
node.act1.chapter01.episode03_2.erased_forest_trail,body,"유진이 가리킨 흔적은 숲 입구 너머에서도 이어졌다. 사람 발자국과 수레 자국은 오래된 산길을 따라 깊어지다가, 어느 순간부터 의도적으로 흩어져 있었다. 나뭇가지는 부러졌고, 흙은 덮였으며, 발자국의 방향은 여러 갈래로 속여져 있었다. 길가에 떨어진 낡은 천 조각을 본 서진은 자신도 모르게 걸음을 멈췄다.\n\n오래전 청운촌 근처 산길에서 놓쳤던 작은 손이 떠올랐다. 서진은 이 일이 단순한 산적질이 아니라는 것을 느꼈다.",
node.act1.chapter01.episode03_2.oil_wheel_trace,body,"유진은 흙 위의 발자국보다 꺾인 고사리와 나무껍질에 묻은 기름을 읽었다. 누군가는 수레 자국 위에 마른 흙을 뿌렸지만, 바퀴 축에서 떨어진 검은 기름까지 지우지는 못했다. 흔적은 동쪽 비탈의 낡은 수련장으로 이어졌다. 담장이 무너진 수련장 안에는 빈 곡식 자루와 아이 키만 한 나무 우리가 놓여 있었다. 유진은 썩은 기둥에서 아이 옷의 푸른 실밥을 떼어냈다. 바닥에는 사람 발자국 위로 짐승 발 모양을 덧찍은 흔적이 있었고, 한쪽 화로에서는 갓 만든 붉은 천 인형이 연기를 내고 있었다.\n\n서진은 유진과 함께 수련장에 조작된 산귀 흔적을 확인한다.",
node.act1.chapter01.episode03_2.training_ground_watchers,body,"유진이 짐승 발 모양의 나무틀을 들어 올리자 지붕 위에서 활시위가 당겨지는 소리가 났다. 썩은 기둥 뒤와 무너진 담 너머에서 감시자들이 모습을 드러냈다. 그들은 낡은 수련복 조각을 가죽옷에 덧대고, 얼굴 전체에 검댕을 발라 눈의 흰자만 도드라졌다. 팔에는 부러진 목검을 잘라 만든 보호대를 찼고, 목에는 작은 산귀 가면을 걸었다. 궁수들은 짧은 각궁과 뼈촉 화살을 들고 처마 위에 엎드렸으며, 칼잡이들은 폭이 넓은 연습용 방패 뒤로 몸을 낮춰 퇴로를 막았다.\n\n유진은 가장 높은 기둥에 올라 활을 겨누었다. 그녀의 첫 화살이 수레 옆 밧줄을 끊자, 납치에 쓰인 빈 우리가 모습을 드러냈다.",
node.act1.chapter01.episode03_2.training_ground_watchers.next,label,다음,
node.act1.chapter01.episode03_2.yujin_join,body,"유진이 파티에 합류했다. 서진은 이제 산길을 읽는 눈과 함께 움직이게 되었다. 그때 숲 가장자리에서 마른 나뭇가지가 부러지는 소리가 났다. 수련장을 감시하던 산적들이 모습을 드러냈다. 그들은 유진이 쥐고 있던 붉은 천 조각을 보자마자 활을 겨누었다. 그들은 낡은 수련장의 목재를 잘라 만든 팔 보호대를 차고 있었다. 팔 보호대에는 오래된 문파의 문양을 칼로 긁어 지운 흔적이 남아 있었고, 얼굴에는 검댕을 발라 나무 그림자 속에 숨어 있었다. 활을 든 자들은 짧게 자른 머리에 붉은 끈을 묶었고, 칼을 든 자들은 부러진 목검 조각을 허리에 장식처럼 꽂고 있었다. 가까이 드러난 산적들의 옷은 제각각이었지만, 모두 무릎 아래를 천으로 단단히 감아 숲길을 오래 걷는 차림이었다. 손가락에는 활시위에 쓸린 굳은살이 두껍게 박혀 있었고, 목에는 산귀 가면을 작게 깎은 장식이 걸려 있었다. 유진이 쥔 붉은 천 조각을 알아보자 그들의 표정이 먼저 굳었다. 유진은 서진의 옆으로 한 걸음 물러서며 시위를 당겼다. ""흔적을 찾는 건 나중이야.\n\n먼저 이 길을 조용하게 만들어야겠어."" 서진은 고개를 끄덕이고 검을 뽑았다.",
node.act1.chapter01.episode03_2.yujin_join.next,label,??,
node.act1.chapter01.episode03_2.yujin_training_ground,body,"숲속 공터에는 낡은 수련장의 흔적이 남아 있었다. 그곳에서 서진은 홀로 주변을 경계하던 궁수 유진과 마주했다. 그녀의 옷자락에는 마른 피가 묻어 있었고, 발치에는 쓰러진 산적의 흔적이 남아 있었다. ""아이들을 데려간 자들을 쫓고 있었습니다."" 유진은 활시위를 늦추지 않은 채 말했다.\n\n""혼자서는 더 깊이 들어갈 수 없었습니다. 같은 목적이라면, 저도 함께하겠습니다.""",
node.act1.chapter01.episode04_1.bloody_path_clues,body,"지한이 합류한 뒤, 서진 일행은 아이가 남긴 붉은 천의 흔적을 따라 산길로 들어섰다. 길가에는 짓밟힌 약초와 찢어진 옷감, 급히 끌려간 듯한 작은 발자국이 흩어져 있었다. 지한은 그중 하나를 집어 들고 눈을 가늘게 떴다.\n\n""아이 옷감입니다. 오래되지 않았습니다."" 말이 끝나기도 전에 숲 아래쪽에서 굶주린 짐승들의 울음소리가 번졌다. 피 냄새를 맡은 것들이 가까이 있는 듯했다.",
node.act1.chapter01.episode04_1.bloody_path_clues.next,label,??,
node.act1.chapter01.episode04_1.coerced_beast_pack,body,"서진은 지한이 아이의 흔적을 살필 수 있도록 주변을 경계했다. 산길은 좁고 비탈졌다. 말라붙은 털, 붉은 천, 희게 흐린 눈이 낮은 수풀 사이에서 계속 흔들렸다. 서진과 지한은 노끈과 부적으로 목이 감긴 짐승 무리를 피해, 짓밟힌 풀잎과 피 묻은 천이 이어지는 방향을 조심스럽게 따라갔다.",
node.act1.chapter01.episode04_1.coerced_beast_warning,body,"나무 사이로 모습을 드러낸 것은 산늑대와 멧개의 무리였다. 털은 군데군데 빠져 있었고, 등에는 마른 진흙과 붉은 천 조각이 엉겨 붙어 있었다. 목덜미에는 오래된 밧줄 자국이 패여 있었으며, 몇 마리는 이빨 사이에 작은 쇠고리 같은 것이 끼워져 있었다. 배는 굶주림으로 바짝 들어갔지만 목둘레만은 노끈과 천 조각 때문에 부풀어 보여, 누군가 억지로 몰고 다니던 짐승처럼 보였다. 무리 뒤쪽의 큰 늑대는 다른 짐승들과 달리 한쪽 눈이 희게 흐려져 있었다. 귀 끝에는 붉은 실이 꿰여 있었고, 목에는 산귀 부적을 접어 만든 목걸이가 걸려 있었다. 짐승의 눈빛이라기에는 지나치게 사람의 명령에 익숙해 보이는 침착함이 있었다. 지한은 숨을 낮추고 부상자의 흔적이 이어진 길을 가리켰다. ""소리를 내지 않는 편이 좋겠습니다. 이쪽으로 돌아가면 피가 마른 곳을 밟지 않고 지나갈 수 있습니다."" 서진은 고개를 끄덕이고 검집을 손으로 눌러 소리가 나지 않게 했다.\n\n지금 필요한 것은 짐승을 자극하는 일이 아니었다. 아이의 흔적을 잃지 않으면서, 산속에 누가 이런 표식을 남겼는지 확인하는 일이었다.",
node.act1.chapter01.episode04_1.oil_to_training_ground,body,"추격자들을 물리친 뒤 지한은 다친 아이를 약초꾼의 들것에 눕혔다. 아이는 오두막 벽에 묻은 검은 기름을 가리키며, 자신을 실었던 수레에서도 같은 냄새가 났다고 말했다. 지한은 아이를 청운촌으로 돌려보낸 뒤 서진과 함께 기름 자국을 따라 동쪽 폐수련장으로 향했다.\n\n수련장에는 이미 짧은 싸움이 지나간 흔적이 남아 있었다. 부러진 화살들이 썩은 기둥에 정확히 박혀 있었고, 감시자 하나가 떨어뜨린 산귀 가면은 화살촉에 꿰인 채 땅에 고정되어 있었다. 무너진 담 위에서 궁수 유진이 두 사람을 겨누다가, 서진의 허리에 매달린 붉은 인형을 보고 활을 낮췄다.",
node.act1.chapter01.episode04_1.oil_to_training_ground.next,label,다음,
node.act1.chapter01.episode04_1.shared_north_trail,body,"유진은 이곳에서 아이를 실었던 수레와 짐승 발자국을 찍는 나무틀을 발견했다고 말했다. 그녀는 수레가 북쪽으로 빠져나갔지만 혼자 추격하면 아이들을 방패로 삼을 수 있어 때를 보고 있었다. 지한은 붙잡힌 감시자의 상처를 살피며, 그의 장화 밑창에 약초꾼 길의 붉은 진흙이 묻은 것을 확인했다. 두 갈래 흔적은 같은 무리가 만들었다. 서진과 지한은 유진을 동료로 맞아 북쪽 수레길과 납치범의 흔적을 함께 추적한다.\n\n유진은 서진에게 짐승 발 모양 나무틀을 건네고 앞장섰다. 지한은 치료 도구를 다시 짊어졌고, 세 사람은 수레바퀴가 남긴 검은 기름 자국을 따라 북쪽 산길로 향했다.",
node.act1.chapter01.episode04_2.cage_to_west_path,body,"수련장의 감시자들이 흩어진 뒤 유진은 빈 우리 안쪽에서 마른 피와 으깬 약초를 발견했다. 작은 손이 붙잡고 버틴 듯 나무살에는 손톱자국이 남아 있었고, 바닥에 떨어진 붕대 조각은 서쪽 약초꾼 길에서 쓰는 천이었다. 두 사람은 아이가 우리에서 빠져나갔을 가능성을 따라 서쪽 숲으로 방향을 틀었다.\n\n마른 느티나무 아래에는 붉은 인형이 흔들렸지만, 그 밑의 발자국은 산으로 향하지 않고 비탈 아래 오두막으로 이어졌다. 안에서는 승려 지한이 다친 여자아이를 치료하고 있었다. 잿빛 장삼의 무릎은 진흙으로 젖었고, 펼쳐 둔 약상자에는 붕대와 부목이 가지런했다. 그는 낯선 발소리에 지팡이를 들었지만, 유진이 우리에서 찾은 푸른 실밥을 내밀자 경계를 풀었다.",
node.act1.chapter01.episode04_2.cage_to_west_path.next,label,다음,
node.act1.chapter01.episode04_2.erased_tracks,body,"유진이 합류한 뒤, 서진 일행은 숲 입구 너머로 이어진 발자국을 따라 움직였다. 흙길에는 사람 발자국과 수레 자국이 함께 남아 있었다. 하지만 흔적은 숲 중턱에서 갑자기 끊겨 있었다. 유진은 무릎을 꿇고 흙을 쓸어보더니 짧게 숨을 내쉬었다. ""여기서 사라진 게 아니야. 지운 거야.""\n\n유진은 근처 나무에 박힌 낡은 화살을 발견했다. 깃은 젖어 축 처져 있었고, 화살촉에는 피가 아니라 검은 진흙이 말라붙어 있었다. 산귀의 저주가 아니라, 누군가 이 길목을 지켜보고 있었다는 흔적이었다.",
node.act1.chapter01.episode04_2.erased_tracks.next,label,??,
node.act1.chapter01.episode04_2.erased_track_method,body,"근처에는 정찰대가 머문 흔적이 남아 있었다. 나무 위에는 잎사귀를 엮은 망토 조각이 걸려 있었고, 바위 뒤에는 검푸른 염료가 묻은 천 조각이 떨어져 있었다. 그 옆에는 짧은 창을 세워두며 눌린 흙자국과, 산귀의 얼굴을 흉내 낸 납작한 나무패가 반쯤 묻혀 있었다. 유진은 나무패를 집어 들고 표면을 엄지로 문질렀다. 숲의 색을 흉내 내기 위해 진흙과 풀즙을 바른 흔적, 발자국을 지울 때 쓰는 작은 솔의 털, 짐승 발 모양으로 깎은 나무판의 찍힌 자국이 주변에 흩어져 있었다. 흔적을 감추는 일을 오래 해온 자들이 지나간 자리였다. 유진은 활시위를 느슨하게 잡은 채 주변을 살폈다. ""싸운 흔적이 아니야. 누군가 길을 지우고, 다른 흔적을 덧씌운 거야."" 서진은 몸을 낮추고 흙 위의 자국을 내려다보았다.\n\n이 일은 단순한 추격전이 아니었다. 소문 뒤에 숨은 사람의 손길을 확인하는 과정이었다.",
node.act1.chapter01.episode04_2.jihan_testimony,body,아이는 검은 천의 무리가 다른 아이들을 북쪽 산등성이로 데려갔다고 말했다. 지한은 아이의 발목에 남은 상처가 짐승의 발톱이 아니라 쇠고리에 긁힌 자국이라고 설명했다. 유진은 수련장에서 발견한 쇠고리와 상처의 폭이 같음을 확인했다. 산귀의 짓으로 보이게 만든 흔적 아래에 사람의 납치가 있었다. 서진과 유진은 지한을 동료로 맞아 아이의 증언과 북쪽 수레 자국을 함께 잇는다.\n\n지한은 아이를 약초꾼에게 맡기고 약상자를 짊어졌다. 세 사람은 붉은 인형의 매듭과 수레의 기름 자국이 함께 남은 북쪽 산길로 발을 옮겼다.,
node.act1.chapter01.episode04_2.scout_disguise_evidence,body,"서진은 유진이 지워진 길을 다시 읽어낼 수 있도록 주변의 풀과 흙을 조심스럽게 살폈다. 숲과 같은 색으로 칠한 망토 조각, 눈 밑을 물들였을 검푸른 염료, 가슴에 매달았을 산귀 나무패가 하나씩 모습을 드러냈다.\n\n누군가 사람의 흔적을 지우고 산귀의 흔적처럼 보이게 꾸민 것이 분명했다. 서진과 유진은 남은 흔적이 바람과 발자국에 묻히기 전에, 그 길이 어디로 이어지는지 확인해야 했다.",
node.act1.chapter01.episode05_1.bloodied_herbs,body,북쪽 산길에는 짓밟힌 지혈초가 드문드문 이어졌다. 지한은 누군가 다친 아이를 업고 가며 피를 막으려 잎을 뜯었다고 보았다. 그러나 약초 위에 찍힌 장화 자국은 일부러 짐승 발 모양으로 덮여 있었다. 유진은 비탈 위에서 수레가 무게를 이기지 못해 미끄러진 자국을 찾아냈다.\n\n길 중간의 바위틈에서는 찢어진 아이 옷감과 작은 놋방울이 나왔다. 지한이 방울을 닦자 안쪽에 아이 이름의 첫 글자가 새겨져 있었다. 그는 살아 있는 아이에게 돌려줘야 한다며 방울을 약상자에 넣었다.,
node.act1.chapter01.episode05_1.defend_bloodied_trail,body,"[전투] 피 묻은 산길의 짐승 무리 서진과 유진은 지한이 아이의 방울과 상처 흔적을 지키도록 짐승 무리를 막아낸다.\n\n서진이 좁은 산길 앞을 막고 유진이 붉은 목줄을 겨누었다. 지한은 약상자 속 방울을 감싸 쥔 채, 짐승들이 달려드는 틈에서 아이들의 다음 흔적을 찾았다.",
node.act1.chapter01.episode05_1.encirclement_appears,body,"서진 일행은 낡은 수련장을 빠져나가기 위해 산적들과 맞섰다. 낡은 수련복 조각, 산귀 눈이 그려진 방패, 붉은 천을 맨 멧개들이 한꺼번에 수련장을 채웠다. 방패병들은 턱까지 천을 끌어올려 표정을 숨겼고, 궁수들은 말라붙은 입술 사이로 숨을 죽인 채 기둥 뒤에 붙어 있었다.\n\n우두머리의 비늘 갑옷만이 흐린 빛을 받아 검게 번들거렸다. 서진 일행은 흰 눈 문양의 방패와 붉은 목줄의 멧개들 사이를 한쪽부터 찢어 열어, 아이들의 흔적이 이어진 길로 빠져나가야 했다.",
node.act1.chapter01.episode05_1.red_collar_beasts,body,"그때 산등성이 너머에서 낮은 으르렁거림이 길게 번졌다. 산늑대와 멧개들이 바위 사이를 메우며 나타났다. 털은 군데군데 벗겨지고 갈비뼈가 드러났으며, 목에는 붉은 천과 굵은 노끈이 살을 파고들 만큼 감겨 있었다. 우두머리 늑대는 한쪽 눈이 희게 흐렸고 귀 끝에 붉은 실이 꿰여 있었다. 목에 건 접힌 부적에서는 검은 천 무리가 쓰던 기름 냄새가 났다.\n\n짐승들은 먹이를 노리기보다 길가의 옷감과 방울을 물어뜯으려 했다. 누군가 아이들의 흔적을 지우도록 굶기고 길들인 사냥개들이었다.",
node.act1.chapter01.episode05_1.red_collar_beasts.next,label,다음,
node.act1.chapter01.episode05_1.training_ground_arrival,body,"피 묻은 산길을 돌파한 뒤에도 지한은 쉽게 걸음을 늦추지 않았다. 그는 짓밟힌 풀잎과 낡은 천 조각을 살피며 아이들이 지나간 방향을 좇았다. 서진은 지한의 판단을 따라 숲속 더 깊은 곳으로 들어섰다. 얼마 지나지 않아 나무 사이로 오래된 수련장이 모습을 드러냈다. 기둥은 썩어 있었고, 부러진 목검들이 흙바닥에 반쯤 묻혀 있었다. 그곳 한가운데에서 궁수 유진이 홀로 서 있었다. 그녀의 발치에는 쓰러진 산적의 흔적이 남아 있었고, 손에는 붉은 천 조각이 쥐어져 있었다. ""아이들을 데려간 자들을 쫓고 있었습니다."" 유진은 서진과 지한을 번갈아 바라보았다. ""하지만 혼자서는 더 깊이 들어갈 수 없었습니다. 산귀 소문도, 산적의 흔적도 같은 곳을 향하고 있어요."" 지한은 낮은 목소리로 말했다. ""다친 아이가 있다면 시간이 없습니다.""\n\n서진은 유진을 향해 손을 내밀었다. 목적이 같다면, 이제 따로 움직일 이유는 없었다.",
node.act1.chapter01.episode05_1.yujin_join,body,"유진이 파티에 합류했다. 서진과 지한은 산길을 읽는 눈까지 얻게 되었다. 그러나 세 사람이 움직이려는 순간, 수련장 바깥을 둘러싼 풀숲이 일제히 흔들렸다. 유진을 쫓아온 산적들이 퇴로를 막고 있었다. 그들 뒤편에서는 굶주린 짐승들의 울음소리까지 섞여 들렸다. 오래 머물수록 아이들의 흔적은 더 멀어질 터였다. 산적들은 세 방향으로 수련장을 에워쌌다. 앞줄의 방패병들은 둥근 나무방패에 산귀의 눈처럼 보이는 흰 원을 그려 넣었고, 어깨에는 서로 맞지 않는 가죽 조각을 덕지덕지 덧대고 있었다. 뒤쪽의 궁수들은 썩은 기둥 사이에 몸을 숨긴 채 짧은 화살을 재고 있었고, 가장자리에서는 목줄이 풀린 멧개들이 붉은 천 조각을 목에 단 채 낮게 기어왔다. 유진을 알아본 산적 하나는 다른 이들보다 복장이 정돈되어 있었다. 검은 겉옷 위에 낡은 비늘 갑옷을 걸치고, 목에는 붉은 실로 묶은 짐승 발톱 세 개를 달고 있었다. 수련장에 모인 무리의 우두머리처럼 보이는 그는 유진이 들고 있던 붉은 천 조각에서 눈을 떼지 않았다. 지한은 다친 팔을 감싼 천을 고쳐 묶었고, 유진은 남은 화살을 세었다.\n\n""길을 뚫어야 합니다."" 서진은 두 사람을 돌아본 뒤 검을 뽑았다.",
node.act1.chapter01.episode05_1.yujin_join.next,label,??,
node.act1.chapter01.episode05_2.capture_raiders_return,body,"서진과 유진은 지한이 아이를 데리고 빠져나갈 수 있도록 문 앞의 적들을 막아섰다. 오두막 밖에는 흰 점이 찍힌 검은 복면과 붉은 손자국 문양이 어른거렸다. 문 앞의 거구는 목이 짧고 어깨가 넓어 입구를 거의 가렸고, 그물잡이들은 반대로 몸이 가늘고 손가락이 길었다.\n\n그들의 허리에는 색이 바랜 아이 장난감 조각과 접은 천 주머니가 주렁주렁 달려 있었다. 아이를 빼앗으러 온 자들의 차림은 산적보다 포획꾼에 가까웠고, 서진과 유진은 지한이 아이를 안고 빠져나갈 수 있도록 그 낯선 사냥꾼들의 포위를 뚫어야 했다.",
node.act1.chapter01.episode05_2.cut_signal_line,body,[전투] 피 묻은 산길의 짐승 무리 서진과 지한은 유진의 화살길을 열어 조련된 짐승 무리를 신속히 돌파한다.\n\n서진과 지한이 좁은 길을 지키는 동안 유진은 짐승의 목줄과 산채 신호줄을 차례로 겨눴다. 첫 화살이 붉은 줄을 끊으며 싸움이 시작되었다.,
node.act1.chapter01.episode05_2.forest_hut_arrival,body,"정찰대를 돌파한 뒤에도 유진은 발걸음을 멈추지 않았다. 그녀는 흙 위에 남은 얕은 자국과 꺾인 풀잎을 따라 숲 안쪽으로 방향을 틀었다. 서진은 유진의 판단을 믿고 뒤를 따랐다. 얼마 지나지 않아 나무 사이로 낡은 오두막이 모습을 드러냈다. 문 앞에는 급히 씻어낸 피 묻은 천과 부러진 나뭇가지로 만든 간이 부목이 놓여 있었다. 안쪽에서는 낮은 목소리로 아이를 달래는 소리가 들려왔다. 그곳에는 젊은 승려 지한이 있었다. 그는 지친 얼굴이었지만, 아이의 숨을 살피는 손만큼은 조금도 흔들리지 않았다. ""살아 있는 아이가 있습니다. 하지만 오래 버티지는 못합니다."" 유진은 활을 낮추고 주변을 살폈다. ""쫓는 길은 내가 찾을 수 있어. 하지만 다친 아이를 살릴 사람은 필요해."" 서진은 지한을 바라보았다.\n\n아이들을 구하기 위해서는 흔적을 읽는 눈만으로는 부족했다. 살려낼 손이 필요했다.",
node.act1.chapter01.episode05_2.jihan_join,body,"지한이 파티에 합류했다. 서진과 유진은 아이들을 살려낼 손까지 얻게 되었다. 그때 오두막 밖에서 낮은 휘파람 소리가 들렸다. 아이를 놓친 자들이 돌아온 것이었다. 검은 천을 두른 산적들은 문 앞을 에워싸고, 안쪽의 숨소리를 확인하듯 천천히 다가왔다. 그들은 오두막을 불태우지 않았다. 안에 있는 아이를 다시 데려가려는 듯, 창문과 문틈을 먼저 살폈다. 얼굴을 가린 검은 천에는 손바닥만 한 흰 점이 찍혀 있었고, 옷깃 안쪽에는 아이들의 장난감에서 뜯어낸 듯한 색실이 매달려 있었다. 한 명은 끝에 갈고리가 달린 장대를 들고 있었고, 다른 자들은 짧은 칼과 접은 그물을 허리에 찬 채 벽 양쪽으로 흩어졌다. 문 앞의 산적은 두꺼운 천 갑옷을 입고 있었다. 천 갑옷은 여러 겹의 낡은 옷을 꿰매 만든 것이었고, 가슴팍에는 붉은 손자국 같은 문양이 번져 있었다. 뒤쪽의 자들은 대나무 관과 그물을 들고 있었는데, 사냥꾼이라기보다 사람을 생포하는 일에 익숙한 포획꾼처럼 보였다. 유진은 창문 틈으로 밖을 살피며 활을 들었다. ""도망칠 길은 하나뿐이야. 하지만 열어야 지나갈 수 있어.""\n\n지한은 아이를 감싸 안고 서진을 바라보았다. 서진은 대답 대신 검을 뽑았다.",
node.act1.chapter01.episode05_2.jihan_join.next,label,??,
node.act1.chapter01.episode05_2.trained_beasts_signal,body,"유진이 화살을 뽑는 순간 숲속에서 노끈 끌리는 소리가 이어졌다. 산늑대와 멧개들이 낮은 자세로 원을 좁혔다. 빠진 털 아래로 채찍 자국이 겹겹이 남았고, 이빨 사이에는 먹이를 물지 못하게 한 작은 쇠고리가 끼워져 있었다. 우두머리 늑대의 한쪽 귀에는 붉은 실이 꿰여 있었으며, 목의 산귀 부적 뒷면에는 수련장 나무틀과 같은 칼자국이 새겨져 있었다.\n\n짐승 뒤편 나무에는 사람 손으로 묶은 신호줄이 산채 방향으로 이어졌다. 이 무리를 놓치면 납치범에게 추적 사실이 알려질 터였다.",
node.act1.chapter01.episode05_2.trained_beasts_signal.next,label,다음,
node.act1.chapter01.episode05_2.wheel_oil_and_arrow,body,"유진은 북쪽 산길의 돌 표면에서 바퀴 쇠테가 긁고 간 가느다란 선을 찾아냈다. 흙 위의 자국은 지워졌지만 바위에 밴 검은 기름은 산등성이까지 이어졌다. 지한은 길가의 짓밟힌 지혈초와 피 묻은 붕대를 살펴, 끌려간 아이 중 하나가 다쳤으나 아직 걸을 수 있었을 것이라고 말했다.\n\n급경사 아래에는 부러진 화살 하나가 꽂혀 있었다. 유진이 실종 전 아이들에게 활쏘기를 가르칠 때 쓰던 무딘 연습 화살이었다. 화살은 우연히 떨어진 것이 아니라, 깃이 북쪽을 향하도록 돌틈에 끼워져 있었다. 붙잡힌 아이가 추적자를 위해 남긴 표시였다.",
node.act1.chapter01.episode06.assault_decision,body,"지한은 그것을 보고 침묵했다. 유진은 활시위를 당기며 망루의 움직임을 살폈다. ""길은 보여. 하지만 조용히 끝낼 수는 없겠어."" 서진은 두 동료를 돌아본 뒤 검을 뽑아 들었다. 아이들을 구하기 위해서는 먼저 이 산채를 돌파해야 했다. 그리고 그 안쪽에는, 산적보다 오래된 무언가가 기다리고 있었다.",
node.act1.chapter01.episode06.assault_decision.next,label,??,
node.act1.chapter01.episode06.bandit_fort_discovery,body,"지한이 살핀 상처의 흔적과 유진이 읽어낸 발자국은 같은 방향을 가리키고 있었다. 서진 일행은 두 단서가 만나는 산길 끝에서 낡은 산채를 발견했다. 청운촌을 습격했던 자들의 근거지였다. 망루 위에서는 감시병들이 주변을 살피고 있었고, 안쪽에서는 무기를 정비하는 소리가 희미하게 들려왔다. 그러나 가까이 다가갈수록 이상한 점이 눈에 띄었다.\n\n감시병들은 평범한 산적 차림이 아니었다. 검은 천으로 얼굴을 가리고, 어깨에는 같은 모양의 가죽 견갑을 맞춰 걸쳤다. 견갑에는 흰 칠로 산의 능선 같은 선이 그어져 있었고, 목에는 붉은 실과 짐승 이빨을 엮은 장식이 걸려 있었다. 망루의 활잡이들은 눈가에 검은 먹을 길게 칠했고, 산채 문 앞의 보초들은 쇠못이 박힌 방패 뒤로 같은 표식의 완장을 차고 있었다. 산적들이 쓰기에는 지나치게 정교한 장비와 규격화된 무기, 아이들을 가두기 위한 우리, 산귀를 본뜬 부적과 붉은 인형이 곳곳에 놓여 있었다.",
node.act1.chapter01.episode06.bandit_fort_discovery.next,label,??,
node.act1.chapter01.episode06.children_return,body,"검은 천의 무리가 쓰러지자 세 아이는 산채 밖으로 나왔다. 지한은 다친 아이들의 상처를 씻었고, 유진은 산채의 수레와 나무 발자국 틀을 마을 사람들이 볼 수 있도록 챙겼다. 아이들은 청운촌으로 돌아가 가족의 품에 안겼지만, 주민들은 산적의 거짓 흔적에는 분노하면서도 제단에서 나온 물건 앞에서는 입을 다물었다. 촌장 최만석은 산적의 짓이 모두 밝혀졌다며 사건을 끝내려 했다.",
node.act1.chapter01.episode06.children_return.next,label,다음,
node.act1.chapter01.episode06.fort_convergence,body,"피 묻은 약초와 지워진 수레 자국, 부러진 연습 화살은 모두 북쪽 산등성이의 목책 앞에서 만났다. 서진과 지한, 유진은 서로 다른 순서로 얻은 단서를 맞추어 검은 천의 무리가 아이들을 산채로 데려왔고, 짐승과 가짜 발자국으로 산귀의 소문을 만들었다는 사실을 확인했다.\n\n산채 아래 우리에서는 실종된 아이 둘이 서로를 끌어안고 있었다. 다른 아이 하나는 제단 쪽 창고로 옮겨진 상태였다. 지한은 아이들의 기침 소리를 듣고 아직 모두 살아 있다고 판단했고, 유진은 목책 위 활잡이들의 시선을 피해 들어갈 길을 표시했다. 서진은 오래전 여동생을 놓친 산길과 닮은 풍경 앞에서 이번에는 누구도 두고 가지 않겠다고 다짐했다.",
node.act1.chapter01.episode06.fort_convergence.next,label,다음,
node.act1.chapter01.episode06.fort_ritual_signs,body,"안쪽 마당에는 쇠사슬을 감은 도끼잡이와, 작은 방울을 단 주술패를 흔드는 자들도 보였다. 도끼잡이의 팔은 맨살이 드러나 있었고, 오래된 화상 자국 위로 산귀 문양이 먹으로 덧그려져 있었다. 주술패를 든 자들은 산적이라기보다 의식에 참여하는 무당처럼 보였다. 긴 머리를 붉은 끈으로 묶고, 검은 겉옷 위에 아이 손바닥만 한 천 조각들을 줄줄이 매달고 있었다. 산적들은 산귀의 소문을 이용하고 있었다.\n\n하지만 모든 것이 그들의 조작이라고 보기에는 설명되지 않는 흔적도 남아 있었다. 산채 깊은 곳의 오래된 제단 위에는 말라붙은 흙, 아이의 낡은 신발, 이름이 긁혀 지워진 위패 조각이 놓여 있었다. 그 곁에는 색이 다 바랜 머리끈 하나가 놓여 있었다. 서진은 그것이 자신의 기억 속 물건과 너무 닮았다는 사실을 인정하고 싶지 않았다.",
node.act1.chapter01.episode06.fort_ritual_signs.next,label,??,
node.act1.chapter01.episode06.old_altar_truth,body,"그러나 산채 깊은 곳의 제단은 산적들이 급히 만든 것이 아니었다. 말라붙은 흙 아래에는 이름이 긁혀 지워진 위패 조각과 아이의 낡은 신발, 색이 바랜 머리끈이 놓여 있었다. 제단의 돌에는 붉은 천 인형과 같은 산 모양이 오래전부터 파여 있었다. 지한은 산적들이 이 장소의 공포를 이용했을 뿐, 제단 자체는 훨씬 오래되었다고 말했다. 서진은 색 바랜 머리끈을 집어 들었다. 여동생이 쓰던 것과 같은 매듭이었지만, 그것이 정말 그녀의 것인지는 알 수 없었다. 유진은 산채 장비 일부에 청운촌 밖 관청과 거래한 흔적이 있다며, 이 무리가 한 마을에서 끝나지 않을 수 있다고 경고했다.\n\n그날 밤 마을 외곽에서 산바람이 불었다. 머리끈 끝의 붉은 실이 산 쪽을 향해 흔들리자, 멀리서 아이가 서진의 이름을 부르는 듯한 목소리가 들렸다. 청운촌의 아이들은 돌아왔지만, 산귀라는 이름 아래 감춰진 더 오래된 기억과 서진이 잃어버린 과거는 아직 산속에 남아 있었다.",
node.act1.chapter01.episode06.organized_raider_signs,body,"서진, 지한, 유진은 각자의 역할을 맡아 산채를 향해 돌격했다. 전투가 시작되자 산채의 적들이 한꺼번에 모습을 드러냈다. 목책 위의 활잡이들은 몸이 가늘고 어깨가 올라가 있었으며, 검은 먹칠이 눈꼬리에서 관자놀이까지 길게 뻗어 있었다. 문 앞의 창병들은 두꺼운 팔과 짧은 목을 가진 자들이었고, 쇠못 방패 너머로 흰 산문양의 견갑을 나란히 드러냈다. 마당의 도끼잡이는 머리를 밀고 뒤통수에 붉은 실을 묶었으며, 팔의 화상 자국 위로 먹으로 그린 산귀 문양이 꿈틀거리는 것처럼 보였다.\n\n검은 복면, 흰 산문양의 견갑, 붉은 실 장식, 아이 손바닥만 한 천 조각들이 불빛 속에서 흔들렸다. 목책 위의 활잡이도, 문 앞의 창병도, 마당의 도끼잡이도 같은 표식을 달고 있어 이곳이 단순한 산적 소굴이 아니라 조직적으로 꾸며진 은신처임을 보여주고 있었다. 방울 소리에 맞춰 우리 안의 짐승들까지 날뛰자, 붉은 천을 매단 팔과 검은 복면의 얼굴들이 마당을 가득 메웠다. 흰 산문양 견갑을 맞춰 입은 창병들, 화상 위에 먹문신을 그린 도끼잡이, 아이 옷 조각을 주렁주렁 단 주술패의 무리 사이로 서진 일행은 산채 안쪽으로 들어가야 했다.",
node.act1.chapter01.episode06.sangui_mask_leader,body,"목책 위의 활잡이들은 눈가에 검은 먹을 길게 칠하고, 아이 옷 조각을 화살 깃 아래 매달고 있었다. 문 앞의 창병들은 흰 산 문양을 그린 가죽 견갑과 짐승 가죽 정강이받이를 맞춰 찼다. 마당의 도끼잡이는 머리를 밀고 화상 자국 위에 산귀 문양을 덧그렸으며, 허리에는 아이 손바닥만 한 붉은 천 인형을 줄줄이 달았다. 높은 제단 앞에는 산귀 가면을 쓴 두목이 서 있었다. 그는 다른 자들보다 몸집이 컸고, 검은 털가죽 옷 위에 붉은 실을 엮은 흉갑을 걸쳤다. 나무 가면의 입은 아이가 우는 모양으로 비뚤게 벌어져 있었고, 손에는 방울 달린 장도와 우리 열쇠가 함께 들려 있었다. 그는 산귀가 아이들을 요구했다고 외치며 창고에 불을 붙이려 했다. [전투] 산채 입구와 제단 돌파 세 사람은 아이들과 산채의 증거를 지키며 산귀 가면의 무리를 제압한다.\n\n서진은 불길과 창고 사이로 뛰어들었고, 지한은 우리 앞에서 아이들을 감쌌다. 유진의 화살이 두목의 열쇠 꾸러미를 제단 기둥에 박는 순간, 산채의 마지막 싸움이 시작되었다.",
node.act1.random_event.01.name_swallowing_well.intro,body,"산자락의 작은 마을을 지나던 일행은 물이 말라붙은 공동 우물가에 사람들이 모여 있는 것을 보았다. 우물 안에서는 물 대신 어린아이의 목소리가 희미하게 울렸다. 목소리는 제 이름을 찾아 달라고 되풀이했지만, 주민들은 산귀가 사람을 꾀는 소리라며 흙과 돌로 우물을 메우려 하고 있었다.\n\n우물가의 낡은 두레박에는 아이 손으로 새긴 듯한 짧은 금이 여럿 남아 있었다. 그런데 우물을 메우자고 앞장선 노인의 집 앞 장승에도 똑같은 자국이 있었고, 노인은 누가 묻기도 전에 오래전 이 마을에는 아이가 빠져 죽은 적이 없다고 말했다. 우물 벽 아래쪽에서는 젖은 흙냄새와 함께 오래된 방울 소리가 들려왔다.",
node.act1.random_event.02.rain_seller.intro,body,"가뭄으로 갈라진 고갯길에서 일행은 푸른 유리병을 늘어놓은 장사꾼을 만났다. 그는 병마다 산꼭대기에서 붙잡은 비구름이 들어 있다며, 마을 사람들에게 마지막 곡식까지 내놓으라고 재촉했다. 병 안에서는 물방울 부딪히는 소리가 났지만, 수레 밑에는 물을 채운 가죽주머니와 빈 병이 감춰져 있었다. 다만 가장 안쪽의 검은 병만은 서늘한 안개를 흘리고 있었다.",
node.act1.random_event.03.returning_straw_shoes.intro,body,"산길 아래 외딴집의 노파는 문턱에 놓인 작은 짚신 한 짝을 불태워 달라고 부탁했다. 오래전 산에서 잃은 손자의 것과 닮은 짚신이 사흘째 버려도 밤마다 돌아온다는 것이다. 짚신 바닥에는 진흙 대신 갓 찧은 곡식가루가 묻어 있었고, 집 뒤 헛간에서는 가느다란 숨소리가 새어 나왔다.",
node.act1.random_event.04.red_thread_mountain_goat.intro,body,"비탈길을 오르던 일행은 뿔에 붉은 실과 방울이 엉킨 산양 한 마리를 발견했다. 산양은 절벽 끝에서 몸부림쳤고, 아래쪽 덤불에는 같은 실을 목에 맨 굶주린 늑대들이 웅크리고 있었다. 실은 산귀를 막는 부적처럼 매듭지어졌지만, 매듭 안쪽에는 짐승을 한곳으로 몰기 위한 사냥꾼의 송진이 발라져 있었다.",
node.act1.random_event.05.abandoned_miner_supper.intro,body,"폐광 입구의 무너진 숙소에는 김이 오르는 밥상이 차려져 있었다. 사람의 흔적은 없는데도 그릇은 광부 수만큼 놓였고, 빈자리 하나에는 깨진 안전패가 올려져 있었다. 음식에서는 구수한 냄새가 났지만 천장에는 갱도 붕괴 때 묻힌 이들의 이름이 검댕으로 빼곡히 적혀 있었다.",
node.act1.random_event.06.shrine_eaves_empty_perch.intro,body,"비를 피해 들어간 작은 신당의 처마에는 나무 새들이 줄지어 매달려 있었다. 한가운데 자리만 비어 있었고, 바닥에는 날개가 부러진 나무 새 하나가 떨어져 있었다. 마을 사람은 빈자리를 채우면 길을 지키던 것이 노한다고 경고했지만, 제단의 향은 누군가 방금 다녀간 듯 아직 따뜻했다.",
node.act1.random_event.07.shadow_selling_child.intro,body,"해 질 무렵 산 아래 장터에서 얼굴을 천으로 가린 아이가 작은 먹물병을 팔고 있었다. 아이는 병 하나로 나쁜 꿈을 지울 수 있다고 했지만, 값을 치른 사람들의 발밑에는 그림자가 사라져 있었다. 아이 자신의 그림자는 몸과 반대 방향으로 길게 뻗어 장터 밖 폐가를 가리켰다.",
node.act1.random_event.07.shadow_selling_child.moonlit_empty_market.intro,body,"다음 초승달 밤, 먹물에 물든 손자국이 희미하게 빛났다. 폐가의 문을 열자 낮의 장터와 닮았지만 사람 대신 그림자만 오가는 검은 거리가 나타났다. 거리 끝에는 먹물병을 만든 술사가 훔친 그림자들을 커다란 항아리에 붓고 있었다.",
node.act1.random_event.08.spring_beneath_stone_grave.intro,body,"메마른 숲길에서 일행은 돌무덤 틈으로 맑은 물이 흐르는 것을 발견했다. 샘가에는 물을 마시지 말라는 낡은 나무패와, 누군가 최근 놓고 간 어린아이의 꽃신이 함께 있었다. 물속에는 은빛 동전이 가득했지만, 동전을 비추는 사람의 얼굴은 실제보다 훨씬 늙어 보였다.",
node.act1.random_event.09.black_cloth_herbalist.intro,body,"안개 낀 산길에서 검은 천으로 얼굴을 가린 약초꾼이 쓰러져 있었다. 등짐에는 해열초와 독초가 뒤섞여 있었고, 허리에는 산적들이 쓰던 붉은 천 인형이 매달려 있었다. 그는 산적에게 빼앗기지 않으려고 변장했을 뿐이라 말했지만, 손목에는 밧줄을 오래 묶었던 자국이 선명했다.",
node.act1.random_event.10.silent_jangseung.intro,body,"두 갈래 산길 한가운데 서 있는 장승의 얼굴에서는 검은 물이 흘러내리고 있었다. 지나가던 나무꾼은 밤마다 장승이 아이 울음소리를 내어 누구도 왼쪽 길로 가지 못한다고 말했다. 그러나 장승의 입은 헝겊과 못으로 단단히 막혀 있었고, 왼쪽 길에는 최근 끌려간 수레바퀴 자국이 남아 있었다.",
node.act1.random_event.11.dry_waterwheel.intro,body,"물이 끊긴 계곡을 지나던 일행은 마른 수로 옆에서 혼자 돌아가는 물레방아를 발견했다. 물레가 돌 때마다 안쪽 맷돌에서는 곡식 대신 하얀 뼛가루 같은 가루가 흘러나왔다. 방앗간 주인은 산귀가 물길을 훔쳤다며 문을 걸어 잠갔지만, 수로 위쪽에는 최근 쌓은 돌둑과 관가의 붉은 봉인이 보였다.",
node.act1.random_event.12.paper_flower_grave.intro,body,"산비탈의 이름 없는 무덤마다 비에 젖지 않은 종이꽃이 피어 있었다. 꽃잎에는 서로 다른 아이의 이름이 적혀 있었고, 가장 작은 무덤 앞의 꽃만 이름 대신 빈칸으로 남아 있었다. 땔감을 줍던 노인은 산귀가 죽은 아이의 이름을 세어 간다며 꽃을 태워야 한다고 했지만, 그의 손에는 같은 종이를 자른 가위가 들려 있었다.",
node.act1.random_event.13.empty_bride_palanquin.intro,body,"안개 낀 고갯길 한복판에 붉은 혼례 가마가 버려져 있었다. 가마꾼은 없었지만 안쪽에서는 어린아이가 자장가를 부르는 소리가 났고, 발치에는 신부의 비녀와 아이의 짚신이 나란히 놓여 있었다. 가마의 문에는 밖에서 잠근 자물쇠가 달렸으며, 손잡이에는 산적들이 쓰는 검은 천 조각이 끼어 있었다.",
node.act1.random_event.14.stone_laying_hen.intro,body,"산골 장터에서 한 농부가 매일 옥돌을 낳는다는 흰 닭을 팔고 있었다. 닭장 바닥에는 푸른 돌 세 알이 놓여 있었지만, 닭의 발목은 오래 묶인 듯 피가 배어 있었다. 농부는 산신의 복이라 큰소리쳤고, 곁에 선 아이는 닭이 밤마다 사람 목소리로 집에 보내 달라고 운다고 속삭였다.",
node.act1.random_event.15.ash_eating_jar.dark_moon_grain_cart.intro,body,"그믐밤, 반쪽짜리 목패가 희미한 열을 내기 시작했다. 장부에 적힌 산길로 향한 일행은 굶주린 마을을 피해 곡식 자루를 옮기는 수레 행렬과 마주했다. 수레 앞에는 폐허의 사내가 서 있었고, 호위들은 모두 검은 재로 얼굴을 가리고 있었다.",
node.act1.random_event.15.ash_eating_jar.intro,body,"불탄 마을터 한가운데 놓인 검은 항아리가 바람에 날리는 재를 모조리 빨아들이고 있었다. 항아리 주위만 깨끗한 흙이 드러났고, 안쪽에서는 여러 사람이 기침하는 소리가 겹쳐 들렸다. 폐허를 지키던 사내는 역병으로 죽은 이들의 재라 열어서는 안 된다고 했지만, 무너진 창고에는 불을 안쪽에서 지른 흔적이 남아 있었다.",
node.act1.random_event.16.crying_bell_smithy.intro,body,"폐광 근처의 버려진 대장간에서는 사람이 없는데도 모루 치는 소리가 났다. 천장에 매달린 쇠종은 망치질이 울릴 때마다 아이처럼 흐느꼈고, 화덕 곁에는 광부들의 안전패를 녹여 만든 쇳덩이가 쌓여 있었다. 문밖에는 관가의 폐쇄 명령이 붙어 있었지만 먹은 아직 마르지 않았다.",
node.act1.random_event.17.three_bowls_on_mountain_path.intro,body,"사람이 다니지 않는 산길에 따뜻한 밥 세 그릇이 가지런히 놓여 있었다. 첫 그릇에는 잘 익은 밤, 둘째에는 검은 돌, 셋째에는 작은 젖니가 올라가 있었다. 가까운 나무 뒤에서는 마른기침이 들렸고, 흙바닥에는 어른 발자국 하나와 아이 발자국 셋이 서로 반대 방향으로 이어졌다.",
node.act1.random_event.18.reverse_flowing_stream.intro,body,"산 아래로 흘러야 할 개울물이 비탈을 거슬러 올라가고 있었다. 물고기들은 배를 드러낸 채 살아 움직였고, 물가의 빨래터에는 빈 요람 하나가 밧줄로 묶여 있었다. 주민들은 산귀가 아이를 데려간 뒤 물까지 훔쳐 간다고 수군댔지만, 요람 밑에는 물길을 돌리는 방아쇠와 새 밧줄이 숨겨져 있었다.",
node.act1.random_event.19.faceless_woodcarver.intro,body,"산길 옆 움막에서 얼굴 부분이 비어 있는 나무 인형 수십 개가 발견되었다. 목각장이는 마을에서 잊힌 사람의 얼굴을 새겨 주면 인형이 대신 기억한다고 말했지만, 완성된 인형의 등에는 아이를 버린 집안의 성씨가 빼곡했다. 작업대 아래에서는 누군가 안쪽에서 두드리는 듯한 소리가 났다.",
node.act1.random_event.19.faceless_woodcarver.returned_faces_at_zelkova.intro,body,"보름밤, 얼굴 없는 인형을 느티나무 아래 놓자 나무껍질 사이로 희미한 이목구비가 떠올랐다. 곧 아이를 산에 버렸던 집안의 후손들이 횃불을 들고 나타났고, 목각장이는 그들에게 인형에 이름을 새길지 아니면 과거를 다시 묻을지 선택하라고 했다.",
node.act1.random_event.20.fog_sewing_old_woman.intro,body,"산허리의 좁은 길에서 노파가 찢어진 안개를 천처럼 무릎에 올려놓고 꿰매고 있었다. 바늘이 지나간 자리마다 길이 흐려졌고, 안개 너머에서는 아이들이 뛰노는 그림자가 보였다. 노파는 길을 막아야 산귀가 내려오지 못한다고 했지만, 실꾸리에는 아이들의 이름이 적힌 천 조각들이 매듭마다 묶여 있었다.",
node.act1.random_event.21.breath_between_water_drops.intro,body,"동굴 천장의 물방울이 일정한 파문을 만든다. 소리보다 그 사이의 고요에 귀를 기울이자, 전투 중 놓치던 호흡의 틈이 보인다.",
node.act1.random_event.22.sleeping_hawk_watch.intro,body,바위 처마 아래 다친 매가 꺼져 가는 등잔 곁에서 잠들어 있다. 밤을 새워 기척을 살피면 판단의 순간을 배울 수 있지만 피로를 감수해야 한다.,
node.act1.random_event.23.temple_hundred_eight_steps.intro,body,닳은 돌계단 아래 둥근 돌이 놓여 있다. 정상까지 옮겨 한계를 시험하거나 중턱에서 쉬어 갈 수 있다.,
node.act1.random_event.24.herb_scent_empty_barracks.intro,body,빈 군막에 식지 않은 약사발과 이름표가 남아 있다. 약을 마시거나 돌아올 이들을 위해 봉해 둘 수 있다.,
node.act1.random_event.25.hot_spring_beneath_ice.intro,body,"얇은 얼음 아래 온기와 푸른 광물이 비친다. 가장자리에서 쉬거나, 광물을 노리는 자들과 맞서 깊은 곳을 차지할 수 있다.",
node.act1.random_event.26.sleepless_waystation.intro,body,불 꺼진 역참에는 마른 잠자리와 높은 망루가 함께 남아 있다. 쉬거나 다음 갈림길을 살필 수 있다.,
node.act1.random_event.27.paper_armor_bandits.intro,body,"논둑 아래 도적들이 여러 겹의 종이갑옷을 두르고 길목을 막고 있었다.\n빗물이 스며들수록 갑옷과 활시위는 무거워졌지만, 그들이 빼앗은 전리품 자루도 진흙물 속으로 가라앉고 있었다.\n조금 더 기다려 안전하게 몰아낼지, 전리품이 상하기 전에 즉시 덮칠지 정해야 한다.",
node.act1.random_event.28.rockfall_scouts.intro,body,낙석 신호를 준비하는 정찰대와 긴 우회로가 동시에 드러났다.,
node.act1.random_event.29.chain_bridge_tollkeepers.intro,body,사설 징수대가 쇠사슬 다리의 통행료를 요구했다.,
node.act1.random_event.30.night_beacon_intruders.intro,body,"산정의 봉수대에는 관군 표식이 없는 자들이 모여 있었다.\n그들은 거짓 명령서를 불씨 곁에 펼쳐 놓고, 아직 오지 않은 적을 알리는 봉화를 준비하고 있었다.\n지금 막으면 싸움을 피할 수 없고, 숨어서 지켜보면 배후의 흔적은 남지만 거짓 봉화가 오르게 된다.",
node.act1.random_event.31.wounded_mountain_tiger_domain.intro,body,"부러진 사냥창 곁에 상처 입은 산군이 낮게 숨을 몰아쉬고 있었다.\n숲 안쪽에서는 검은 천을 두른 사내들이 독주머니와 올가미를 챙겨 다시 다가왔다.\n밀렵꾼을 막아 산군이 제 길로 돌아가게 할지, 싸움을 피하려 산군부터 영역 밖으로 몰아낼지 정해야 한다.",
node.act1.random_event.32.hidden_ledger_salt_cart.intro,body,소금 수레 밑에서 노동자들의 장부가 발견되었다.,
node.act1.random_event.33.false_mountain_rite_offering_box.intro,body,숨은 장치가 산신의 기척을 꾸미고 있었다.,
node.act1.random_event.34.half_vein_map.followup.unstable_vein.intro,body,불안정한 암맥 끝에서 광석을 끌어낼지 물러날지 정해야 한다.,
node.act1.random_event.34.half_vein_map.intro,body,반쪽짜리 광맥 지도가 불안정한 암맥을 가리켰다.,
node.act1.random_event.35.ownerless_wage_sack.intro,body,버려진 품삯 자루와 노동자 명부가 함께 발견되었다.,
node.act1.random_event.36.cracked_bronze_mirror.intro,body,"비어 있는 사랑방의 청동거울은 사람 대신 어긋난 방 안을 비추고 있었다.\n금 사이로 손을 대면 날카로운 조각이 살을 파고들겠지만, 그 조각은 받은 충격을 되돌리는 갑각처럼 굳어질 듯했다.\n거울을 품어 힘을 가져갈지, 깨뜨려 잘못된 반사를 끝낼지 정해야 한다.",
node.act1.random_event.37.nameless_long_sword_in_rain.intro,body,"이름 없는 돌담 아래, 칼집에 든 장도 한 자루가 빗물을 맞고 있었다.\n손잡이에는 이름을 긁어 낸 자국과 잿빛 목걸이가 함께 묶여 있었고, 칼을 향해 다가설 때마다 젖은 흙이 사람 형상으로 일어났다.\n장도를 뽑아 수호령의 시험을 받을지, 칼을 건드리지 않고 주인의 흔적을 찾을지 정해야 한다.",
node.act1.random_event.38.three_cups_of_moonlight.intro,body,"빈 정자 한가운데 놓인 세 개의 돌잔에는 서로 다른 온도의 달빛이 고여 있었다.\n한 잔을 마시면 지친 몸을 돌볼 수 있지만, 세 잔의 빛을 한데 굳히면 차가운 못 하나가 남을 듯했다.\n회복을 택할지, 지금의 상처를 안고 새로운 힘을 가져갈지 결정해야 한다.",
node.act1.random_event.39.self_knotting_rope.intro,body,"끊어진 나무다리 곁에서 굵은 노끈이 사람 손도 없이 매듭을 만들고 있었다.\n노끈 중심에는 이가 닳은 작은 도르래 톱니가 박혀 있었고, 바람이 불 때마다 줄을 당겨 끊어진 다리 쪽으로 감아 올렸다.\n톱니를 떼어 유물로 간직할지, 노끈과 함께 다리에 고정해 짧은 길을 열지 정해야 한다.",
node.act1.random_event.40.jihan_empty_medicine_folio.intro,body,"지한은 젖은 약첩 한 권을 펼쳤다. 처방의 마지막 줄은 물에 번져 지워졌고, 남은 약재는 당장의 상처를 돌볼 만큼만 남아 있었다.\n약재를 쓰면 일행의 숨을 고를 수 있지만 약첩은 빈 종이가 된다.\n지워진 처방을 되살리려면 지금의 치료를 포기하고 지한의 기억을 따라 빈칸을 메워야 한다.",
node.act1.random_event.41.yujin_broken_arrow_fletching.intro,body,"산길 표적판 아래에 부러진 연습용 화살 하나가 박혀 있었다.\n유진은 한쪽으로 비튼 화살깃과 일부러 남긴 흙자국을 보고, 빗나간 사격이 아니라 사람을 좁은 길로 유인하는 표식이라고 말했다.\n그 흔적을 역으로 따라가 매복을 끊을지, 더 큰 위험을 피하고 화살만 바로잡을지 정해야 한다.",
node.act1.random_event.42.twice_ringing_mountain_echo.intro,body,서로 다른 거리에서 돌아온 메아리가 두 갈래 길을 드러냈다.,
node.act1.random_event.43.reverse_growing_moss_marker.intro,body,"갈림길의 무명 표석에는 햇빛을 받는 면에만 짙은 이끼가 자라 있었다.\n이끼의 흐름을 따라가면 다음 길의 성격을 미리 읽을 수 있지만, 뿌리를 걷어 내면 독기를 머금은 작은 주머니가 드러날 듯했다.\n길의 정보를 남길지, 표식을 훼손하고 힘을 가져갈지 선택해야 한다.",
node.act1.random_event.44.buried_tax_stele.intro,body,겹쳐 새긴 세금 기록이 묻힌 비석에서 드러났다.,
node.act1.random_event.45.false_wildfire_boundary_stones.intro,body,"불탄 능선 아래의 경계석들이 서로 다른 빛깔의 흙 위에 어긋나 서 있었다.\n돌을 들어 보니 원래 자리는 오래된 재가 아니라 최근 파낸 황토로 메워져 있었고, 옮겨진 선 안쪽의 밭과 샘은 한 집안의 땅처럼 묶여 있었다.\n경계석을 되돌리면 빼앗긴 땅의 흔적은 드러나지만, 되찾은 옛길의 순찰대와 맞닿는 위험한 구간으로 들어가야 한다.",
node.act1.random_event.46.funeral_without_black_cloth.intro,body,"마을 밖 길가에 검은 천도 위패도 없는 상여 틀이 놓여 있었다.\n낯선 조문객들은 이름 없는 이를 보낸다며 빈 상여 앞에 고개를 숙였다.\n예를 갖추면 그들의 기억에 남고, 빈 상여를 살피면 감춰 둔 자들이 움직일 것이다.",
node.battle.normal.001,body,"짐마차를 끌던 상인이 다급히 달려와 일행의 앞을 막아섰다.\n\n그의 옷은 먼지투성이였고 얼굴에는 공포가 가득했다.\n\n""제발 도와주시오! 짐이고 돈이고 다 버릴 테니 목숨만 살고 싶소!""\n\n상인은 떨리는 손으로 뒤쪽을 가리켰다.\n\n멀지 않은 곳에서 인기척이 빠르게 다가오고 있었다.\n\n무엇이 쫓아오는지는 알 수 없었지만, 적의를 품고 있다는 것만은 분명했다.\n\n서진은 말없이 무기를 고쳐 쥐었다.",
node.battle.normal.002,body,"길가에 쓰러진 포졸 하나가 피를 흘리며 숨을 몰아쉬고 있었다.\n\n그의 손에는 부러진 창대가 쥐어져 있었고, 갑옷 곳곳에는 급히 막은 상처가 남아 있었다.\n\n""그냥 지나치지 마시오... 아직 끝난 것이 아닙니다.""\n\n포졸은 떨리는 손으로 길 너머를 가리켰다.\n\n어둠 속에서 무언가가 천천히 다가오는 기척이 들렸다.\n\n그가 누구와 싸웠는지, 무엇을 지키려 했는지는 알 수 없었다.\n\n하지만 지금 그를 버려두면 다음 희생자가 생길 것은 분명했다.\n\n서진은 포졸을 뒤로 물리고 앞으로 나섰다.",
node.battle.normal.003,body,"한 여인이 길가에 주저앉은 채 흐느끼고 있었다.\n\n그녀의 손에는 아이의 것으로 보이는 작은 노리개가 쥐어져 있었다.\n\n""아이가... 아이가 사라졌어요.""\n\n여인은 떨리는 목소리로 숲 안쪽을 가리켰다.\n\n안쪽에서는 나뭇가지가 부러지는 소리와 함께 정체를 알 수 없는 기척이 들려오고 있었다.\n\n아이를 데려간 것이 사람인지 짐승인지, 혹은 다른 무엇인지는 알 수 없었다.\n\n하지만 시간이 지날수록 아이가 위험해질 가능성은 커질 뿐이었다.\n\n서진은 주변을 둘러본 뒤 조용히 숲 안으로 발걸음을 옮겼다.",
node.battle.normal.004,body,"길모퉁이에서 장례 행렬이 멈춰 서 있었다.\n\n상여를 멘 이들은 더 앞으로 나아가지 못한 채 서로의 눈치만 살피고 있었다.\n\n행렬 앞에 선 노인이 떨리는 목소리로 말했다.\n\n""며칠째 이 길을 지나려는 장례마다 저것들이 막아서고 있습니다. 산 사람도, 죽은 사람도 보내주지 않으려는 모양입니다.""\n\n그 말이 끝나기도 전에 길 저편에서 낮은 울음 같은 소리가 번져 나왔다.\n\n상여꾼들이 뒷걸음질 치자 행렬은 금세 흐트러졌다.\n\n서진은 상여 앞으로 걸음을 옮겼다.\n\n죽은 이를 보내는 길마저 빼앗기게 둘 수는 없었다.",
node.battle.normal.005,body,"좁은 산길 어귀에서 한 수도승이 길을 가로막고 서 있었다.\n\n그는 낡은 승복을 걸치고 있었지만 눈빛만큼은 이상할 정도로 날카로웠다.\n\n""앞으로 가지 마시오.""\n\n수도승은 짧게 말한 뒤 숲 너머를 바라보았다.\n\n잠시 후, 바람도 없는데 주변 나무들이 흔들리기 시작했다.\n\n어둠 속에서는 누군가가 숨을 죽인 채 지켜보는 듯한 기척이 느껴졌다.\n\n수도승은 염주를 움켜쥐며 낮게 중얼거렸다.\n\n""이미 따라붙었군.""\n\n서진은 그의 시선을 따라 검을 뽑아 들었다.",
node.ch1.act1.001,body,"청운촌에 가까워질수록 공기는 이상하리만큼 무거워졌다.\n\n마을 입구에는 쓰러진 수레와 버려진 짐들이 흩어져 있었고, 멀리서 사람들의 비명과 짐승 같은 울음소리가 뒤섞여 들려왔다.\n\n서진이 광장 쪽으로 발을 옮기자, 검은 천을 두른 무리들이 주민들을 몰아붙이고 있었다.\n\n아직 사정을 들을 시간은 없었다.\n\n지금 필요한 것은 질문이 아니라, 마을 사람들을 지키는 일이었다.",
node.ch1.act1.002,body,와주셔서 감사합니다. 청운촌 촌장 최만석이라 합니다. 한 달 사이 아이 셋이 사라졌습니다.,
node.ch1.act1.003,body,"촌장은 잠시 광장을 둘러보았다.\n\n주민들은 서로를 의심했고, 누구는 산적을 말했으며, 누구는 숲의 저주를 말했다.\n\n하지만 분명한 것은 아이들이 아직 돌아오지 않았다는 사실뿐이었다.",
node.ch1.act1.004a,body,서진은 사건의 흔적을 먼저 확인하기로 했다.\n\n촌장은 숲에서 막 돌아온 궁수가 있다며 마을 외곽을 가리켰다.\n\n흙 묻은 화살을 정리하던 궁수는 이미 무언가를 발견한 얼굴이었다.\n\n숲을 잘 아는 사람을 만나보겠습니다.,
node.ch1.act1.004b,body,서진은 주민들의 이야기를 직접 듣기로 했다.\n\n촌장은 실종된 아이의 어머니가 아직 진료소에 있다며 낮은 목소리로 말했다.\n\n그 곁에는 사람들을 진정시키는 젊은 의원이 있었다.\n\n아이들에 대해 아는 사람부터 만나보겠습니다.,
node.ch1.act1.005a,body,"서진은 주민들의 이야기를 직접 듣기로 했다.\n\n촌장은 실종된 아이의 어머니가 아직 진료소에 있다며 낮은 목소리로 말했다.\n\n그 곁에는 사람들을 진정시키는 젊은 의원이 있었다.\n\n아이의 집 안에는 울음을 참지 못하는 어머니와 그 곁을 지키는 젊은 의원이 있었다.\n\n의원은 서진을 보더니 조용히 고개를 숙였다.\n\n""아이를 찾으러 오셨군요.""\n\n""범인이 누구인지는 모르겠습니다. 하지만 아직 늦었다고 생각하지 않습니다.""",
node.ch1.act1.005b,body,"서진은 사건의 흔적을 먼저 확인하기로 했다.\n\n촌장은 숲에서 막 돌아온 궁수가 있다며 마을 외곽을 가리켰다.\n\n마을 외곽, 숲 입구 근처.\n\n흙이 젖은 길 위에 한 궁수가 무릎을 꿇고 발자국을 살피고 있었다.\n\n그녀는 서진이 다가오는 소리를 듣고도 고개를 들지 않았다.\n\n""여기. 사람 발자국이야.""\n\n""수레 자국도 있고. 그런데 이상하게 중간부터 흔적이 사라져.""",
node.ch1.act1.006a,body,"젊은 의원은 잠시 말이 없었다.\n\n실종된 아이들의 이름이 적힌 종이를 바라보던 그는 조용히 입을 열었다.\n\n""살아있다고 믿고 찾아야 합니다.""\n\n""죽었다고 단정하는 순간, 구할 수 있는 것도 놓치게 됩니다.""\n\n그의 목소리에는 막연한 희망이 아니라 끝까지 포기하지 않겠다는 고집이 담겨 있었다.\n\n""적어도 저는 아직 장례를 치를 생각이 없습니다.""",
node.ch1.act1.006b,body,"""귀신이 밧줄을 끌고 수레를 몰진 않겠지.""\n\n""적어도 시작은 사람 짓이야.""\n\n하지만 그녀의 시선은 곧 숲 안쪽으로 향했다.\n\n""끝도 사람 짓일지는 아직 몰라.""",
node.ch1.act1.007a,body,"""숲에서 언니가 부른다고 했습니다.""\n\n""그저 아이들 장난인 줄 알았습니다.""\n\n그림 속 나무 아래에는 붉은 천으로 만든 작은 인형이 그려져 있었다.\n\n젊은 의원은 작은 약상자를 챙겼다.\n\n""숲으로 들어간다면 다친 아이가 있을지도 모릅니다.""",
node.ch1.act1.007b,body,"""좋아. 말보다 발이 빠른 사람은 마음에 들어.""\n\n""다만 숲 안에서는 내 말도 들어야 해.""\n\n""길을 잘못 들면 사람도 짐승도 똑같이 죽어.""\n\n그녀는 숲 안쪽을 바라보았다. 두려워하는 기색은 없었지만, 가볍게 보는 얼굴도 아니었다.",
node.ch1.act1.008a,body,"젊은 의원은 작은 약상자를 챙겼다.\n\n숲으로 들어간다면 다친 아이가 있을지도 모릅니다.\n\n서진은 그가 단순히 걱정만 하는 사람이 아니라, 함께 움직일 준비가 된 사람이라는 것을 알 수 있었다.",
node.ch1.act1.008b,body,"궁수는 숲 안쪽을 바라보았다.\n\n두려워하는 기색은 없었지만, 가볍게 보는 얼굴도 아니었다.\n\n서진은 이 사건을 쫓기 위해서는 흔적을 읽는 사람이 필요하다고 판단했다.",
node.ch1.act2.001,body,"청운촌 광장은 텅 비어 있었다.\n\n아이들이 사라진 뒤, 주민들은 서로를 의심했고 누구는 산적을, 누구는 숲의 저주를 말했다.\n\n촌장 최만석은 서진을 보자 낮게 고개를 숙였다.\n\n""와주셔서 감사합니다. 한 달 사이 아이 셋이 사라졌습니다.""\n\n분명한 것은 하나였다. 아이들은 아직 돌아오지 않았다.",
node.ch1.act2.005a,body,"서진은 주민들의 이야기를 직접 듣기로 했다.\n\n촌장은 실종된 아이의 어머니가 아직 진료소에 있다며 낮은 목소리로 말했다.\n\n그 곁에는 사람들을 진정시키는 젊은 의원이 있었다.\n\n아이의 집 안에는 울음을 참지 못하는 어머니와 그 곁을 지키는 젊은 의원이 있었다.\n\n의원은 서진을 보더니 조용히 고개를 숙였다.\n\n""아이를 찾으러 오셨군요.""\n\n""범인이 누구인지는 모르겠습니다. 하지만 아직 늦었다고 생각하지 않습니다.""",
node.ch1.act2.005b,body,"서진은 사건의 흔적을 먼저 확인하기로 했다.\n\n촌장은 숲에서 막 돌아온 궁수가 있다며 마을 외곽을 가리켰다.\n\n마을 외곽, 숲 입구 근처.\n\n흙이 젖은 길 위에 한 궁수가 무릎을 꿇고 발자국을 살피고 있었다.\n\n그녀는 서진이 다가오는 소리를 듣고도 고개를 들지 않았다.\n\n""여기. 사람 발자국이야.""\n\n""수레 자국도 있고. 그런데 이상하게 중간부터 흔적이 사라져.""",
node.ch1.act2.006a,body,"젊은 의원은 잠시 말이 없었다.\n\n실종된 아이들의 이름이 적힌 종이를 바라보던 그는 조용히 입을 열었다.\n\n""살아있다고 믿고 찾아야 합니다.""\n\n""죽었다고 단정하는 순간, 구할 수 있는 것도 놓치게 됩니다.""\n\n그의 목소리에는 막연한 희망이 아니라 끝까지 포기하지 않겠다는 고집이 담겨 있었다.\n\n""적어도 저는 아직 장례를 치를 생각이 없습니다.""",
node.ch1.act2.006b,body,"""귀신이 밧줄을 끌고 수레를 몰진 않겠지.""\n\n""적어도 시작은 사람 짓이야.""\n\n하지만 그녀의 시선은 곧 숲 안쪽으로 향했다.\n\n""끝도 사람 짓일지는 아직 몰라.""",
node.ch1.act2.007a,body,"""숲에서 언니가 부른다고 했습니다.""\n\n""그저 아이들 장난인 줄 알았습니다.""\n\n그림 속 나무 아래에는 붉은 천으로 만든 작은 인형이 그려져 있었다.\n\n젊은 의원은 작은 약상자를 챙겼다.\n\n""숲으로 들어간다면 다친 아이가 있을지도 모릅니다.""",
node.ch1.act2.007b,body,"""좋아. 말보다 발이 빠른 사람은 마음에 들어.""\n\n""다만 숲 안에서는 내 말도 들어야 해.""\n\n""길을 잘못 들면 사람도 짐승도 똑같이 죽어.""\n\n그녀는 숲 안쪽을 바라보았다. 두려워하는 기색은 없었지만, 가볍게 보는 얼굴도 아니었다.",
node.ch1.act3_1.001,body,의원이 짚어준 단서를 따라 숲 안쪽으로 들어가자 오래된 산길이 모습을 드러냈다.\n\n평범한 사람이 다니는 길은 아니었다.\n\n서진은 누군가 의도적으로 흔적을 감추고 있다는 느낌을 받았다.,
node.ch1.act3_1.002,body,"숲 깊은 곳에서 서진은 다친 아이를 돌보고 있는 젊은 의원을 다시 만나게 되었다.\n\n그는 이미 자신의 안전보다 아이들을 우선하고 있었다.\n\n""혹시 살아있는 아이를 찾게 된다면 반드시 치료할 사람이 필요합니다.""\n\n""저도 함께 가겠습니다.""",
node.ch1.act3_2.001,body,"지한이 합류하자 숲길의 공기는 조금 달라졌다.\n\n서진은 더 이상 혼자가 아니었지만, 사라진 아이들의 흔적은 여전히 희미했다.\n\n두 사람은 오래된 발자국과 부러진 나뭇가지를 따라 더 깊은 곳으로 향했다.",
node.ch1.act3_2.002,body,"숲속 공터에는 낡은 수련장의 흔적이 남아 있었다.\n\n그곳에서 서진은 홀로 주변을 경계하던 젊은 무인을 만났다.\n\n그는 아이들을 데려간 자들의 흔적을 쫓고 있었고, 이미 몇 차례 위험한 싸움을 치른 듯했다.\n\n""혼자서는 더 깊이 들어갈 수 없었습니다.""\n\n""같은 목적이라면, 저도 함께하겠습니다.""",
node.ch1.act4.001,body,"동료가 알려준 단서를 따라 산길 깊숙한 곳으로 들어서자 낡은 산채가 모습을 드러냈다.\n\n청운촌을 습격했던 자들의 본거지였다.\n\n망루 위에서는 감시병들이 주변을 살피고 있었고, 안쪽에서는 무기를 정비하는 소리가 희미하게 들려왔다.\n\n그러나 가까이 다가갈수록 이상한 점이 눈에 띄었다.\n\n산적들이 사용하기에는 지나치게 정교한 장비와 규격화된 무기들이 곳곳에 쌓여 있었다.\n\n누군가가 이들을 조직적으로 지원하고 있다는 뜻이었다.\n\n""여기가 끝이 아니군.""\n\n서진은 검을 뽑아 들었다.\n\n진실을 밝히기 위해서는 먼저 이곳을 정리해야 했다.",
node.ch1.act4_1.001,body,"지한이 합류한 뒤, 서진 일행은 산적들이 지나간 흔적을 따라 산길로 들어섰다.\n\n길가에는 짓밟힌 약초와 찢어진 천 조각이 흩어져 있었다.\n\n지한은 그중 하나를 집어 들고 잠시 눈을 가늘게 떴다.\n\n""이건 아이 옷감입니다. 오래되지 않았습니다.""\n\n말이 끝나기도 전에 숲 아래쪽에서 낮은 울음소리가 번졌다.\n\n피 냄새를 맡은 짐승들이 몰려오고 있었다.\n\n지한은 약상자를 내려놓고 부상자에게 향할 길을 가리켰다.\n\n""제가 뒤를 보겠습니다. 길을 열어주십시오.""\n\n서진은 고개를 끄덕이고 검을 뽑았다.\n\n이 싸움은 단순히 적을 쓰러뜨리는 일이 아니었다.\n\n누군가를 살리기 위해 함께 움직일 수 있는지를 확인하는 첫 전투였다.",
node.ch1.act4_2.001,body,"유진이 합류한 뒤, 서진 일행은 숲 입구 너머로 이어진 발자국을 따라 움직였다.\n\n흙길에는 사람 발자국과 수레 자국이 함께 남아 있었다.\n\n하지만 이상하게도 흔적은 숲 중턱에서 갑자기 끊겨 있었다.\n\n유진은 무릎을 꿇고 흙을 쓸어보더니 짧게 숨을 내쉬었다.\n\n""여기서 사라진 게 아니야. 지운 거야.""\n\n그 말과 동시에 숲 안쪽에서 화살이 날아와 나무에 박혔다.\n\n산적의 정찰대가 길목을 막고 있었다.\n\n유진은 활시위를 당기며 서진의 옆에 섰다.\n\n""길은 내가 찾을게. 앞은 네가 열어.""\n\n서진은 검을 뽑았다.\n\n이 싸움은 단순한 추격전이 아니었다.\n\n서로의 판단을 믿고 움직일 수 있는지를 확인하는 첫 전투였다.",
node.ch1.act5_1.001,body,"피 묻은 산길을 돌파한 뒤에도 지한은 쉽게 걸음을 늦추지 않았다.\n\n그는 짓밟힌 풀잎과 낡은 천 조각을 살피며 아이들이 지나간 방향을 좇았다.\n\n서진은 지한의 판단을 따라 숲속 더 깊은 곳으로 들어섰다.\n\n얼마 지나지 않아 나무 사이로 오래된 수련장이 모습을 드러냈다.\n\n기둥은 썩어 있었고, 부러진 목검들이 흙바닥에 반쯤 묻혀 있었다.\n\n그곳 한가운데에서 젊은 무인이 홀로 서 있었다.\n\n그의 옷자락에는 피가 말라붙어 있었고, 발치에는 쓰러진 산적의 흔적이 남아 있었다.\n\n""아이들을 데려간 자들을 쫓고 있었습니다.""\n\n무인은 서진과 지한을 번갈아 바라보았다.\n\n""하지만 혼자서는 더 깊이 들어갈 수 없었습니다.""\n\n지한은 낮은 목소리로 말했다.\n\n""다친 아이가 있다면 시간이 없습니다.""\n\n서진은 무인을 향해 손을 내밀었다.\n\n목적이 같다면, 이제 따로 움직일 이유는 없었다.",
node.ch1.act5_2.001,body,"정찰대를 돌파한 뒤에도 유진은 발걸음을 멈추지 않았다.\n\n그녀는 흙 위에 남은 얕은 자국과 꺾인 풀잎을 따라 숲 안쪽으로 방향을 틀었다.\n\n서진은 유진의 판단을 믿고 뒤를 따랐다.\n\n얼마 지나지 않아 나무 사이로 낡은 오두막이 모습을 드러냈다.\n\n문 앞에는 급히 씻어낸 피 묻은 천과 부러진 나뭇가지로 만든 간이 부목이 놓여 있었다.\n\n안쪽에서는 낮은 목소리로 아이를 달래는 소리가 들려왔다.\n\n그곳에는 젊은 의원 지한이 있었다.\n\n그는 지친 얼굴이었지만, 손은 조금도 떨리지 않았다.\n\n""살아있는 아이가 있습니다. 하지만 오래 버티지는 못합니다.""\n\n유진은 활을 낮추고 주변을 살폈다.\n\n""쫓는 길은 내가 찾을 수 있어. 하지만 다친 아이를 데리고는 움직일 사람이 필요해.""\n\n서진은 지한을 바라보았다.\n\n아이들을 구하기 위해서는 흔적을 읽는 눈만으로는 부족했다.\n\n살려낼 손이 필요했다.",
node.ch1.act6.001,body,"지한이 살핀 상처의 흔적과 유진이 읽어낸 발자국은 같은 방향을 가리키고 있었다.\n\n서진 일행은 두 단서가 만나는 산길 끝에서 낡은 산채를 발견했다.\n\n청운촌을 습격했던 자들의 본거지였다.\n\n망루 위에서는 감시병들이 주변을 살피고 있었고, 안쪽에서는 무기를 정비하는 소리가 희미하게 들려왔다.\n\n그러나 가까이 다가갈수록 이상한 점이 눈에 띄었다.\n\n산적들이 사용하기에는 지나치게 정교한 장비와 규격화된 무기들이 곳곳에 쌓여 있었다.\n\n누군가가 이들을 조직적으로 지원하고 있다는 뜻이었다.\n\n지한은 산채 안쪽을 바라보며 낮게 말했다.\n\n""아이들이 안에 있다면 오래 버티지 못합니다.""\n\n유진은 활시위를 당기며 망루의 움직임을 살폈다.\n\n""길은 보인다. 하지만 조용히 끝낼 수는 없겠어.""\n\n서진은 두 동료를 돌아본 뒤 검을 뽑아 들었다.\n\n이제 세 사람은 같은 목적을 향해 서 있었다.\n\n진실을 밝히기 위해서는 먼저 이 산채를 돌파해야 했다.",
node.ch1.episode1.001,body,"서진이 청운촌의 이름을 들은 것은 산 아래 객잔에서였다.\n\n가뭄에 시달리는 산촌에서 아이들이 사라지고, 밤마다 산에 사는 귀신이 아이들을 부른다는 소문이었다. 누군가는 산적의 짓이라 했고, 누군가는 산귀의 저주라 했다.\n\n서진은 그런 소문을 그냥 지나치지 못했다. 어린 시절, 그는 가뭄을 피해 가족과 산길을 떠돌다 청운촌 근처에서 여동생의 손을 놓쳤다. 그날 이후 아이가 사라졌다는 말은 늘 같은 후회로 돌아왔다.\n\n청운촌에 가까워질수록 공기는 무겁고 메말랐다. 논은 갈라져 있었고, 길가의 수레는 쓰러져 있었으며, 마을 쪽에서는 사람들의 비명과 짐승 같은 울음소리가 뒤섞여 들려왔다.\n\n광장에는 검은 천을 두른 무리들이 주민들을 몰아붙이고 있었다.\n\n사정을 물을 시간은 없었다.\n\n지금 필요한 것은 질문이 아니라, 살아 있는 사람들을 지키는 일이었다.",
node.ch1.episode2.001,body,습격이 물러간 뒤에도 청운촌 광장에는 가뭄과 불안이 짙게 남아 있었다. 촌장 최만생은 실종된 아이들이 모두 숲 근처에서 마지막으로 목격되었다고 말한다.,
node.ch1.episode2.005a,body,실종 아이의 집에는 지친 어머니와 아이 이름이 적힌 종이가 남아 있었다. 지한은 아이가 아직 살아 있을 가능성을 먼저 버려서는 안 된다고 말한다.,
node.ch1.episode2.005b,body,숲 입구 근처에는 사람 발자국과 수레 자국이 남아 있었다. 유진은 흔적이 사라진 것이 아니라 누군가 지운 것이라고 판단한다.,
node.ch1.episode2.006a,body,"지한은 실종된 아이들의 이름이 적힌 종이를 바라보며, 살아 있다고 믿고 찾아야 한다고 말한다. 그의 목소리에는 막연한 위로가 아니라 끝까지 포기하지 않겠다는 고집이 담겨 있다.",
node.ch1.episode2.006b,body,유진은 숲 안쪽을 바라보며 귀신이 밧줄을 끌고 수레를 몰지는 않는다고 말한다. 그 말에는 소문을 비웃는 냉소보다 설명되지 않는 무언가를 경계하는 신중함이 섞여 있다.,
node.ch1.episode2.007a,body,아이의 그림 속 마른 나무 아래에는 붉은 천으로 만든 작은 인형이 그려져 있었다. 아이를 부르는 말과 숲으로 이어지는 단서는 산귀 소문과 닿아 있는 듯하다.,
node.ch1.episode2.007b,body,"유진은 활을 고쳐 메고 일어선다. 숲 안에서는 길을 잘못 들면 사람도 짐승도 똑같이 죽는다고 말하며, 서진에게 자신의 흔적 읽기를 따르라고 한다.",
node.ch1.episode3_1.001,body,"붉은 천 인형의 단서를 따라 숲 안쪽으로 들어가자 오래된 산길이 모습을 드러냈다.\n\n길가의 풀은 누군가 급히 지나간 듯 꺾여 있었고, 마른 흙 위에는 작은 발자국이 희미하게 남아 있었다. 평범한 사람이 다니는 길은 아니었다.\n\n길모퉁이에 묶인 낡은 천 조각을 본 순간, 서진은 오래전 여동생의 머리끈을 떠올렸다. 색도 무늬도 달랐지만, 이상하게 손끝이 차가워졌다.\n\n서진은 누군가 아이들을 산 깊은 곳으로 이끌고, 그 흔적을 일부러 감추고 있다는 느낌을 받았다.",
node.ch1.episode3_1.002,body,"숲 깊은 곳의 낡은 오두막 앞에는 피 묻은 천과 급히 만든 부목이 놓여 있었다.\n\n그곳에서 서진은 다친 아이를 돌보고 있는 지한을 다시 만났다. 지한은 지친 얼굴이었지만, 아이의 숨을 살피는 손만큼은 조금도 흔들리지 않았다.\n\n""아직 늦지 않았습니다.""\n\n그는 서진을 바라보았다.\n\n""살아 있는 아이를 찾게 된다면 반드시 치료할 사람이 필요합니다. 저도 함께 가겠습니다.""",
node.ch1.episode3_1.003,body,"지한이 아이를 뒤로 물린 직후, 오두막 뒤 수풀에서 거친 숨소리가 들린다. 굶주린 들개와 산늑대, 검은 천 추격자들이 좁은 산길을 막아서며 오두막 쪽으로 다가온다.",
node.ch1.episode3_1.004,body,"다친 아이를 데리고 당장 도망칠 수는 없다. 서진은 오두막 앞 길목에 서고, 지한은 아이 곁을 지키며 뒤를 맡는다.",
node.ch1.episode3_2.001,body,"유진이 가리킨 흔적은 숲 입구 너머에서도 이어졌다.\n\n사람 발자국과 수레 자국은 오래된 산길을 따라 깊어지다가, 어느 순간부터 의도적으로 흩어져 있었다. 나뭇가지는 부러졌고, 흙은 덮였으며, 발자국의 방향은 여러 갈래로 속여져 있었다.\n\n길가에 떨어진 낡은 천 조각을 본 서진은 자신도 모르게 걸음을 멈췄다. 오래전 청운촌 근처 산길에서 놓쳤던 작은 손이 떠올랐다.\n\n서진은 이 일이 단순한 산적질이 아니라는 것을 느꼈다.",
node.ch1.episode3_2.002,body,"숲속 공터에는 낡은 수련장의 흔적이 남아 있었다.\n\n그곳에서 서진은 홀로 주변을 경계하던 궁수 유진과 마주했다. 그녀의 옷자락에는 마른 피가 묻어 있었고, 발치에는 쓰러진 산적의 흔적이 남아 있었다.\n\n""아이들을 데려간 자들을 쫓고 있었습니다.""\n\n유진은 활시위를 늦추지 않은 채 말했다.\n\n""혼자서는 더 깊이 들어갈 수 없었습니다. 같은 목적이라면, 저도 함께하겠습니다.""",
node.ch1.episode3_2.003,body,"유진이 합류한 직후, 수련장을 감시하던 산적들이 모습을 드러낸다. 서진은 유진이 시야를 확보할 수 있도록 앞을 막아서며 전투를 준비한다.",
node.ch1.episode4_1.001,body,"지한이 합류한 뒤, 서진 일행은 아이가 남긴 붉은 천의 흔적을 따라 산길로 들어섰다.\n\n길가에는 짓밟힌 약초와 찢어진 옷감, 급히 끌려간 듯한 작은 발자국이 흩어져 있었다. 지한은 그중 하나를 집어 들고 눈을 가늘게 떴다.\n\n""아이 옷감입니다. 오래되지 않았습니다.""\n\n말이 끝나기도 전에 숲 아래쪽에서 굶주린 짐승들의 울음소리가 번졌다. 피 냄새를 맡은 것들이었다.\n\n지한은 약상자를 내려놓고 부상자의 흔적이 이어진 길을 가리켰다.\n\n""제가 뒤를 보겠습니다. 길을 열어주십시오.""\n\n서진은 고개를 끄덕이고 검을 뽑았다.\n\n이 싸움은 단순히 적을 쓰러뜨리는 일이 아니었다. 아직 늦지 않았다는 가능성을 지키는 싸움이었다.",
node.ch1.episode4_1.002,body,"굶주린 짐승들의 울음소리가 번지지만, 지금 필요한 것은 짐승을 자극하는 일이 아니다. 서진과 지한은 피 묻은 천이 이어지는 방향을 조심스럽게 확인한다.",
node.ch1.episode4_2.001,body,"유진이 합류한 뒤, 서진 일행은 숲 입구 너머로 이어진 발자국을 따라 움직였다.\n\n흙길에는 사람 발자국과 수레 자국이 함께 남아 있었다. 하지만 흔적은 숲 중턱에서 갑자기 끊겨 있었다. 유진은 무릎을 꿇고 흙을 쓸어보더니 짧게 숨을 내쉬었다.\n\n""여기서 사라진 게 아니야. 지운 거야.""\n\n그 말과 동시에 숲 안쪽에서 화살이 날아와 나무에 박혔다. 산귀의 저주가 아니라, 길목을 지키던 산적의 정찰대였다.\n\n유진은 활시위를 당기며 서진의 옆에 섰다.\n\n""길은 내가 찾을게. 앞은 네가 열어.""\n\n서진은 검을 뽑았다.\n\n이 싸움은 단순한 추격전이 아니었다. 소문 뒤에 숨은 사람의 흔적을 붙잡기 위한 싸움이었다.",
node.ch1.episode4_2.002,body,"낡은 화살, 숲빛 망토 조각, 검푸른 염료와 산귀 나무패가 모습을 드러낸다. 이 일은 단순한 괴담이 아니라, 누군가 산귀의 흔적처럼 꾸민 사건이다.",
node.ch1.episode5_1.001,body,"피 묻은 산길을 돌파한 뒤에도 지한은 쉽게 걸음을 늦추지 않았다.\n\n그는 짓밟힌 풀잎과 낡은 천 조각을 살피며 아이들이 지나간 방향을 좇았다. 서진은 지한의 판단을 따라 숲속 더 깊은 곳으로 들어섰다.\n\n얼마 지나지 않아 나무 사이로 오래된 수련장이 모습을 드러냈다. 기둥은 썩어 있었고, 부러진 목검들이 흙바닥에 반쯤 묻혀 있었다.\n\n그곳 한가운데에서 궁수 유진이 홀로 서 있었다. 그녀의 발치에는 쓰러진 산적의 흔적이 남아 있었고, 손에는 붉은 천 조각이 쥐어져 있었다.\n\n""아이들을 데려간 자들을 쫓고 있었습니다.""\n\n유진은 서진과 지한을 번갈아 바라보았다.\n\n""하지만 혼자서는 더 깊이 들어갈 수 없었습니다. 산귀 소문도, 산적의 흔적도 같은 곳을 향하고 있어요.""\n\n지한은 낮은 목소리로 말했다.\n\n""다친 아이가 있다면 시간이 없습니다.""\n\n서진은 유진을 향해 손을 내밀었다. 목적이 같다면, 이제 따로 움직일 이유는 없었다.",
node.ch1.episode5_1.002,body,유진은 산귀 소문도 산적의 흔적도 같은 곳을 향하고 있다고 말한다. 서진은 목적이 같다면 따로 움직일 이유가 없다고 판단한다.,
node.ch1.episode5_1.003,body,"세 사람이 움직이려는 순간, 수련장 바깥의 풀숲이 일제히 흔들린다. 산적들과 굶주린 짐승들이 퇴로를 막고, 서진 일행은 포위망을 뚫어야 한다.",
node.ch1.episode5_2.001,body,"정찰대를 돌파한 뒤에도 유진은 발걸음을 멈추지 않았다.\n\n그녀는 흙 위에 남은 얕은 자국과 꺾인 풀잎을 따라 숲 안쪽으로 방향을 틀었다. 서진은 유진의 판단을 믿고 뒤를 따랐다.\n\n얼마 지나지 않아 나무 사이로 낡은 오두막이 모습을 드러냈다. 문 앞에는 급히 씻어낸 피 묻은 천과 부러진 나뭇가지로 만든 간이 부목이 놓여 있었다.\n\n안쪽에서는 낮은 목소리로 아이를 달래는 소리가 들려왔다.\n\n그곳에는 젊은 승려 지한이 있었다. 그는 지친 얼굴이었지만, 아이의 숨을 살피는 손만큼은 조금도 흔들리지 않았다.\n\n""살아 있는 아이가 있습니다. 하지만 오래 버티지는 못합니다.""\n\n유진은 활을 낮추고 주변을 살폈다.\n\n""쫓는 길은 내가 찾을 수 있어. 하지만 다친 아이를 살릴 사람은 필요해.""\n\n서진은 지한을 바라보았다.\n\n아이들을 구하기 위해서는 흔적을 읽는 눈만으로는 부족했다. 살려낼 손이 필요했다.",
node.ch1.episode5_2.002,body,"오두막 안에는 다친 아이를 돌보는 지한이 있다. 유진은 흔적을 읽을 수 있지만, 아이를 살릴 사람도 필요하다고 말한다.",
node.ch1.episode5_2.003,body,"오두막 밖에서 낮은 휘파람 소리가 들린다. 아이를 놓친 자들이 문과 창문을 에워싸고, 서진과 유진은 지한이 아이를 데리고 빠져나갈 수 있도록 길을 열어야 한다.",
node.ch1.episode6.001,body,지한이 살핀 상처의 흔적과 유진이 읽어낸 발자국은 같은 방향을 가리킨다. 서진 일행은 산길 끝에서 청운촌을 습격했던 자들의 근거지인 낡은 산채를 발견한다.,
node.ch1.episode6.002,body,"산채 안에는 정교한 장비, 아이들을 가두기 위한 우리, 산귀를 본뜬 부적과 붉은 인형이 놓여 있다. 산적들은 산귀 소문을 이용하고 있지만, 오래된 제단에는 설명되지 않는 흔적도 남아 있다.",
node.ch1.episode6.003,body,"망루의 감시병과 문 앞의 보초들이 움직이기 시작한다. 아이들을 구하려면 먼저 이 산채를 돌파해야 하고, 그 안쪽에는 산적보다 오래된 무언가가 기다리고 있다.",
node.job.first_job.001,body,길고 긴 전투 끝에 일행은 낡은 전직의 제단 앞에 섰다.\n\n제단에는 각자의 길을 증명한 자만이 새 이름을 받을 수 있다는 문장이 새겨져 있었다.\n\n서진은 동료들을 돌아보았다.\n\n누구도 이전과 같은 모습으로 남아 있을 수는 없었다.\n\n이제 각자는 자신의 본래 직업에서 한 단계 더 깊은 길을 선택해야 했다.,
node.job.second_job.001,body,"수많은 전장을 건넌 일행은 다시 전직의 제단 앞에 섰다. 한때 희미했던 불빛은 이제 두 층의 계단을 따라 환하게 타오르고 있었다. 아래 단에는 아직 첫 맹세를 기다리는 자의 이름이, 위 단에는 이미 한 길을 걸어 끝까지 증명한 자의 이름이 새겨져 있었다.\n\n제단은 모두에게 같은 답을 요구하지 않았다. 아직 본래의 직업에 머문 자에게는 첫 번째 길을, 한 차례 이름을 바꾼 자에게는 마지막 경지를 열어 보였다.\n\n서진은 동료들과 눈을 맞췄다. 지금까지 살아남은 방식이 곧 앞으로 짊어질 이름이 될 터였다. 이제 각자는 자신이 도달한 자리에서 다음 맹세를 선택해야 했다.",
node.story.easy.001,body,"마을 어귀의 작은 빨래터에 맑은 물소리가 흐르고 있었다.\n아이들은 물가에서 조약돌을 고르고, 노인은 널어둔 천이 바람에 날아가지 않도록 붙잡고 있었다.\n잠시 손을 보태면 모두가 편해질 듯하다.",
node.story.easy.002,body,낮은 울타리 너머로 잘 익은 과일 향이 흘러나왔다.\n과수원 주인은 떨어진 과일을 주우며 바쁘게 움직이고 있었다.\n길손에게도 잠깐 머물 자리를 내어줄 만큼 인심이 좋아 보인다.,
node.story.easy.003,body,작은 강아지 한 마리가 길가에서 꼬리를 내린 채 낑낑거리고 있었다.\n목줄에는 마을 이름이 적힌 낡은 나무패가 달려 있었다.\n멀리서 누군가 애타게 부르는 소리가 들린다.,
node.story.easy.005,body,새벽 이슬이 맺힌 작은 약초밭을 발견했다.\n밭 주인은 허리를 펴며 수확할 손이 부족하다고 웃었다.\n약초 향은 맑고 부드러워 가까이 있는 것만으로도 기분이 나아진다.,
node.story.easy.006,body,잔잔한 물가에 작은 나룻배가 묶여 있었다.\n사공은 노를 손질하며 손님이 올 때까지 기다리고 있었다.\n강물은 낮고 평온해 잠깐 건너기에도 좋아 보인다.,
node.story.easy.007,body,길모퉁이 작은 찻집에서 은은한 차 향이 새어 나왔다.\n주인은 하루 장사를 마치며 남은 불씨를 정리하고 있었다.\n잠깐 앉아 쉬어도 좋다는 손짓을 보냈다.,
node.story.easy.008,body,갈림길 표지판에 푸른 리본이 묶여 있었다.\n바람에 리본이 흔들릴 때마다 낡은 표지판이 삐걱거렸다.\n누군가 길을 잃지 않도록 남겨둔 표시 같았다.,
node.story.easy.009,body,숲 가장자리 벤치 위에 작은 음악 상자가 놓여 있었다.\n뚜껑은 닫혀 있었지만 안쪽에서 희미한 선율이 새어 나왔다.\n근처에는 물건을 찾는 듯한 소녀가 두리번거리고 있었다.,
node.story.easy.011,body,"해가 뜨기 전의 작은 시장에 등불 몇 개가 흔들리고 있었다.\n상인들은 좌판을 펴느라 분주했고, 한 과일 장수가 빈 상자를 옮기다 잠시 멈춰 섰다.\n조용히 손을 보태기 좋은 순간이다.",
node.story.easy.012,body,"얕은 개울 위로 놓인 나무다리가 비스듬히 기울어져 있었다.\n아이 하나가 다리 앞에서 망설이고, 물살에는 부러진 나뭇가지가 걸려 있었다.\n서두르지 않으면 누구나 안전하게 건널 수 있을 듯하다.",
node.story.easy.013,body,"골목 모퉁이의 작은 꽃집 앞에 화분들이 줄지어 놓여 있었다.\n갑작스러운 바람에 흙이 흩어지고, 주인은 물뿌리개를 찾느라 가게 안팎을 오가고 있었다.\n잠깐만 도우면 꽃들이 다시 고개를 들 것 같다.",
node.story.easy.014,body,"낮은 언덕 위의 풍차가 느리게 돌아가고 있었다.\n밀가루 자루 몇 개가 문 앞에 놓여 있고, 풍차지기는 삐걱거리는 날개를 걱정스럽게 올려다보았다.\n바람은 잔잔하고 주변은 평화롭다.",
node.story.easy.015,body,작은 여관 지붕 위에서 빈 바구니가 덜컹거렸다.\n여관 주인은 바람에 날아간 수건을 찾으며 사다리를 붙잡고 있었다.\n높지 않은 지붕이라 조심하면 금방 정리할 수 있을 것 같다.,
node.story.easy.016,body,"작은 마을의 마른 우물 옆에 낡은 두레박이 놓여 있었다.\n우물가는 조용했지만, 아이들이 물동이를 들고 빈손으로 돌아가려는 모습이 보였다.\n조금만 손을 보태면 아직 남은 물을 길어 올릴 수 있을 듯하다.",
node.story.hard.001,body,산등성이의 버려진 초소가 검은 안개에 잠겨 있었다.\n안개 속에서는 오래된 경보 종이 바람도 없이 흔들렸다.\n초소 안쪽 어둠에는 누군가 남긴 기록과 보급품이 있을지도 모른다.,
node.story.hard.002,body,"깎아지른 절벽 위에서 붉은 천 조각이 흔들리고 있었다.\n아래쪽에서는 사람 목소리인지 바람 소리인지 모를 울림이 들렸다.\n발을 헛디디면 위험하지만, 그냥 지나치기에는 신호가 또렷하다.",
node.story.hard.003,body,"붉은 달빛 아래 낡은 공동묘지가 모습을 드러냈다.\n묘지기는 무너진 묘비를 세우며 침묵을 지키고 있었다.\n땅 밑에서는 낮은 울림이 들리고, 오래 머무를수록 공기가 무거워진다.",
node.story.hard.004,body,"폐광 입구에서 돌가루가 계속 떨어지고 있었다.\n안쪽에서는 막힌 갱도를 두드리는 둔탁한 소리가 들렸다.\n언제 무너질지 알 수 없지만, 안에는 사람이나 귀중한 광물이 남아 있을 수 있다.",
node.story.hard.006,body,짙은 늪지에 보랏빛 독초가 빽빽하게 피어 있었다.\n늪 가장자리에는 길을 잃은 채 쓰러진 짐꾼의 발자국이 이어져 있었다.\n숨을 잘못 들이마시면 정신이 흐려질 만큼 공기가 탁하다.,
node.story.hard.007,body,"눈보라가 몰아치는 고갯길에서 얼어붙은 마차를 발견했다.\n바퀴는 얼음에 박혀 있고, 짐칸 안에서는 희미한 숨소리가 들렸다.\n추위가 빠르게 체온을 빼앗아가고 있다.",
node.story.hard.008,body,해 질 무렵 숲길에서 가면을 쓴 행렬과 마주쳤다.\n그들은 말없이 등불을 들고 지나가며 당신에게도 하나의 가면을 내밀었다.\n행렬을 따라가면 비밀스러운 의식 장소에 닿을 듯하다.,
node.story.hard.010,body,"자정이 가까운 시각, 폐쇄된 검문소에 횃불 하나가 켜져 있었다.\n문서 더미는 바람에 흩어져 있고, 감시탑 위에서는 금속이 부딪히는 소리가 났다.\n이곳에서 무엇이 사라졌는지 알아낼 수 있을 것 같다.",
node.story.hard.011,body,"절벽 끝의 감시탑이 반쯤 무너진 채 서 있었다.\n부서진 계단 사이로 찬바람이 불고, 꼭대기에는 아직 꺼지지 않은 신호 등불이 희미하게 흔들렸다.\n조심하지 않으면 작은 돌 하나에도 균형을 잃을 수 있다.",
node.story.hard.012,body,"늪 가장자리에서 오래된 성문이 반쯤 물에 잠겨 있었다.\n문 위의 문장은 진흙으로 뒤덮였고, 물속에서는 무언가 금속성으로 부딪히는 소리가 났다.\n발을 잘못 디디면 깊은 진창에 빠질 수 있다.",
node.story.hard.013,body,"산중턱의 폐광 입구가 두꺼운 얼음으로 막혀 있었다.\n안쪽에서는 오래된 갱도의 나무기둥이 삐걱거리는 소리가 들렸고, 입구 주변에는 광부들이 남긴 표식이 흩어져 있었다.\n차가운 공기가 숨을 얕게 만들었다.",
node.story.hard.014,body,"붉은 협곡의 좁은 길 끝에 꺼진 봉화대가 있었다.\n바닥에는 최근까지 누군가 머문 흔적이 남아 있었고, 절벽 사이로 모래바람이 세차게 몰아쳤다.\n봉화대 위에서는 먼 길을 내려다볼 수 있을 것 같다.",
node.story.hard.015,body,"폐허가 된 관청 지하에 문서고 문이 굳게 잠겨 있었다.\n문틈으로는 마른 종이 냄새와 차가운 먼지가 흘러나왔고, 바닥에는 부서진 열쇠 조각이 흩어져 있었다.\n안쪽 기록은 오래된 비밀을 품고 있을지도 모른다.",
node.story.normal.001,body,"산길을 걷던 중 작은 쉼터를 발견했다.\n낡은 천막 아래에는 백발의 약초꾼이 앉아 있었고, 주변에는 여러 약초가 말려지고 있었다.\n노인은 피곤해 보이는 당신을 바라보며 말을 건넨다.\n\n""먼 길을 걷는 모양이구나. 잠시 쉬어 가겠느냐?""",
node.story.normal.002,body,숲길을 걷던 중 오래된 우물을 발견했다.\n주변에는 사람의 흔적이 없었지만 우물 아래에서는 희미하게 물 흐르는 소리가 들려온다.\n우물 곁에는 낡은 두레박과 밧줄이 남아 있었다.,
node.story.normal.003,body,"강가에 도착하자 작은 나룻배 한 척이 정박해 있었다.\n배를 지키던 노인은 낚싯대를 드리운 채 강물을 바라보고 있었다.\n\n""길을 재촉하는 여행자인가? 잠시 쉬어 가도 좋고, 일을 도와줘도 좋네.""",
node.story.normal.004,body,"해가 저물 무렵, 길가에서 오래된 객잔을 발견했다.\n문은 반쯤 부서져 있었지만 내부는 생각보다 깔끔하게 정리되어 있었다.\n누군가 최근까지 머물다 떠난 듯한 흔적도 남아 있었다.",
node.story.normal.005,body,"산길 끝자락에서 작은 장터를 발견했다.\n상인들은 잠시 쉬어 가며 물건을 정리하고 있었고, 여행객 몇 명이 모닥불 주변에 모여 이야기를 나누고 있었다.\n장터는 곧 해산할 분위기였다.",
node.story.normal.006,body,소나기가 지나간 숲길 위에 젖은 가죽 주머니가 떨어져 있었다.\n주머니 안에는 봉인이 반쯤 풀린 서신과 작은 표식 하나가 들어 있었다.\n멀지 않은 곳에서 누군가 급히 지나간 발자국이 진흙 위에 남아 있다.,
node.story.normal.007,body,계곡을 건너는 낡은 돌다리가 절반쯤 무너져 있었다.\n건너편에서는 짐을 든 여행자가 난처한 얼굴로 주변을 살피고 있었다.\n물살은 거세지만 조금만 손을 보태면 임시로 길을 만들 수 있을 듯하다.,
node.story.normal.008,body,"해가 완전히 저문 뒤, 길가에 홀로 켜진 등불 하나를 발견했다.\n등불 아래에는 방향을 잃은 아이가 웅크리고 있었고, 멀리 마을 종소리가 희미하게 들려왔다.\n숲은 어둡지만 아직 위험한 기척은 느껴지지 않는다.",
node.story.normal.009,body,"낮은 언덕 위에 낡은 바람개비들이 줄지어 서 있었다.\n대부분은 멈춰 있었지만, 가장 큰 바람개비 하나만 삐걱거리며 천천히 돌고 있었다.\n언덕 아래 농부가 망가진 장치를 보며 한숨을 쉬고 있다.",
node.story.normal.010,body,"길가에 멈춘 수레 옆에서 수레꾼이 깊이 잠들어 있었다.\n수레에는 천으로 덮인 짐이 실려 있었고, 말은 지친 듯 고개를 숙이고 있었다.\n주변에는 다른 사람의 기척이 없어 잠시 살펴볼 시간이 있다.",
node.story.normal.011,body,"비탈길 한가운데에서 짐수레가 멈춰 서 있었다.\n한쪽 바퀴가 진흙에 깊게 빠졌고, 상인은 젖은 짐을 지키느라 얼굴이 굳어 있었다.\n서두르면 길을 막은 수레를 빼낼 수 있을 듯하다.",
node.story.normal.012,body,"마을 외곽의 순찰 종이 밤바람에 희미하게 울렸다.\n초소 안에는 졸음을 참는 파수꾼이 앉아 있었고, 벽에는 최근 길목에서 본 흔적들이 적혀 있었다.\n조심스럽게 살피면 쓸 만한 정보를 얻을 수 있다.",
node.story.normal.013,body,강변 나루터에 빈 나룻배 한 척이 밧줄에 묶여 흔들리고 있었다.\n사공은 끊어진 노끈을 고치며 강 건너 안개를 바라보고 있었다.\n강물은 느리지만 깊어 보여 함부로 움직이기 어렵다.,
node.story.normal.014,body,"숲길 옆에 이끼 낀 석비가 반쯤 쓰러져 있었다.\n글자는 오래되어 흐릿했지만, 누군가 최근에 주변 잡초를 베어낸 흔적이 남아 있었다.\n석비 아래쪽에는 작은 틈이 보인다.",
node.story.normal.016,body,"버려진 서고 안쪽에서 먼지 낀 책장이 비스듬히 기울어져 있었다.\n부러진 사다리 아래에는 흩어진 기록지가 쌓여 있고, 창문 틈으로 들어온 빛이 책등을 가늘게 비추었다.\n조심스럽게 정리하면 쓸 만한 지식을 얻을 수 있을 것 같다.",
stage.act1.ch1.episode02,title,남겨진 단서,
stage.act1.random_event.01.name_swallowing_well,title,이름을 삼킨 우물,
stage.act1.random_event.02.rain_seller,title,비를 파는 장사꾼,
stage.act1.random_event.03.returning_straw_shoes,title,밤마다 돌아오는 짚신,
stage.act1.random_event.04.red_thread_mountain_goat,title,붉은 실에 묶인 산양,
stage.act1.random_event.05.abandoned_miner_supper,title,버려진 광부의 저녁상,
stage.act1.random_event.06.shrine_eaves_empty_perch,title,신당 처마의 빈자리,
stage.act1.random_event.07.shadow_selling_child,title,그림자를 파는 아이,
stage.act1.random_event.08.spring_beneath_stone_grave,title,돌무덤 아래의 샘,
stage.act1.random_event.09.black_cloth_herbalist,title,검은 천을 두른 약초꾼,
stage.act1.random_event.10.silent_jangseung,title,울지 않는 장승,
stage.act1.random_event.11.dry_waterwheel,title,메마른 물레방아,
stage.act1.random_event.12.paper_flower_grave,title,종이꽃이 핀 무덤,
stage.act1.random_event.13.empty_bride_palanquin,title,빈 가마의 신부,
stage.act1.random_event.14.stone_laying_hen,title,돌을 낳는 닭,
stage.act1.random_event.15.ash_eating_jar,title,재를 먹는 항아리,
stage.act1.random_event.16.crying_bell_smithy,title,우는 쇠종의 대장간,
stage.act1.random_event.17.three_bowls_on_mountain_path,title,산길의 세 밥그릇,
stage.act1.random_event.18.reverse_flowing_stream,title,거꾸로 흐르는 개울,
stage.act1.random_event.19.faceless_woodcarver,title,얼굴 없는 목각장이,
stage.act1.random_event.20.fog_sewing_old_woman,title,안개를 꿰매는 노파,
stage.battle.normal.001,body,위협에 쫓기던 상인이 일행에게 도움을 요청한다.,
stage.battle.normal.001,title,도망치는 상인,
stage.battle.normal.002,body,길가에 쓰러진 포졸이 일행에게 남은 위협을 경고한다.,
stage.battle.normal.002,title,부상당한 포졸,
stage.battle.normal.003,body,아이를 잃어버린 여인이 도움을 요청한다.,
stage.battle.normal.003,title,사라진 아이,
stage.battle.normal.004,body,장례 행렬을 가로막은 위협을 물리치고 길을 열어준다.,
stage.battle.normal.004,title,장례 행렬,
stage.battle.normal.005,body,길목을 지키던 수도승이 다가오는 위협을 경고한다.,
stage.battle.normal.005,title,수상한 수도승,
stage.ch1.act1,body,"서진이 청운촌에 도착하자마자 마을을 습격한 적들과 맞서며, 사건의 심각성을 처음 인지하는 도입 액트.",
stage.ch1.act1,title,청운촌의 습격,
stage.ch1.act2,body,"서진이 청운촌 실종 사건의 조사 방향을 정하고, 이후 실제 조사를 진행할 숨겨진 경로를 여는 액트.",
stage.ch1.act2,title,엇갈린 단서,
stage.ch1.act3_1,body,이전 액트에서 열린 경로를 따라 첫 번째 동행자를 영입하는 액트.,
stage.ch1.act3_1,title,첫 번째 동행자,
stage.ch1.act3_2,body,숲길에서 만난 첫 번째 동행자와 함께 다음 단서를 따라가며 두 번째 동행자를 영입하는 액트.,
stage.ch1.act3_2,title,두 번째 동행자,
stage.ch1.act4,body,동료들과 함께 산적들의 근거지를 찾아내고 청운촌 습격의 배후를 추적한다.,
stage.ch1.act4,title,산채의 토벌,
stage.ch1.act4_1,body,"첫 번째 동료로 의원 지한을 선택한 뒤, 산길에서 부상자의 흔적을 따라가며 동료와의 첫 협력 전투를 치른다.",
stage.ch1.act4_1,title,피 묻은 산길,
stage.ch1.act4_2,body,"첫 번째 동료로 궁수 유진을 선택한 뒤, 사라진 흔적을 따라 숲길을 돌파하며 동료와의 첫 협력 전투를 치른다.",
stage.ch1.act4_2,title,끊어진 발자국,
stage.ch1.act5_1,body,"지한을 먼저 동료로 맞이한 서진 일행이 산길의 흔적을 따라가다, 아이들을 쫓던 젊은 무인을 만나 세 번째 파티원을 영입한다.",
stage.ch1.act5_1,title,낡은 수련장,
stage.ch1.act5_2,body,"유진을 먼저 동료로 맞이한 서진 일행이 숲속에서 부상자의 흔적을 따라가다, 아이들을 돌보던 의원 지한을 만나 세 번째 파티원을 영입한다.",
stage.ch1.act5_2,title,숲길의 의원,
stage.ch1.act6,body,동료들과 함께 산적들의 근거지를 찾아내고 청운촌 습격의 배후를 추적한다.,
stage.ch1.act6,title,산채의 토벌,
stage.ch1.episode1,body,"어린 시절 청운촌 근처 산길에서 여동생의 손을 놓친 기억을 안고 떠도는 서진이 아이 실종 소문을 따라 청운촌에 도착하고, 마을을 습격한 검은 천의 무리와 맞서며 사건에 뛰어드는 도입 에피소드.",
stage.ch1.episode1,title,청운촌의 습격,
stage.ch1.episode2,body,"서진이 청운촌 아이 실종 사건의 두 갈래 단서, 승려 지한이 붙잡은 생존의 가능성과 궁수 유진이 읽어낸 추적의 흔적을 확인하는 에피소드.",
stage.ch1.episode2,title,엇갈린 단서,
stage.ch1.episode3_1,body,"붉은 천 인형과 아이의 마지막 말을 따라 숲으로 들어간 서진이, 다친 아이를 구하려는 승려 지한과 동행하게 되는 에피소드.",
stage.ch1.episode3_1,title,숲속의 승려,
stage.ch1.episode3_2,body,"지워진 발자국과 수레 자국을 따라 숲으로 들어간 서진이, 산길을 읽는 궁수 유진과 동행하게 되는 에피소드.",
stage.ch1.episode3_2,title,숲길의 궁수,
stage.ch1.episode4_1,body,"지한과 함께 피 묻은 산길을 살피며, 실종된 아이들이 아직 살아 있을 가능성과 산속의 이상한 흔적을 확인하는 조사 에피소드.",
stage.ch1.episode4_1,title,피 묻은 산길,
stage.ch1.episode4_2,body,"유진과 함께 지워진 발자국을 추적하던 서진이, 산귀 소문 뒤에 사람의 손길이 있음을 확인하는 조사 에피소드.",
stage.ch1.episode4_2,title,끊어진 발자국,
stage.ch1.episode5_1,body,"지한을 먼저 동료로 맞이한 서진 일행이 낡은 수련장에서 궁수 유진을 만나고, 산귀 소문과 산적의 흔적이 같은 산길로 이어짐을 확인하는 에피소드.",
stage.ch1.episode5_1,title,낡은 수련장,
stage.ch1.episode5_2,body,"유진을 먼저 동료로 맞이한 서진 일행이 숲속 오두막에서 승려 지한을 만나고, 살아 있는 아이의 가능성을 붙잡는 에피소드.",
stage.ch1.episode5_2,title,숲길의 의원,
stage.ch1.episode6,body,"서진 일행이 산적들의 산채를 찾아내고, 아이 실종 사건 뒤에 산귀 소문을 이용한 사람의 음모와 더 오래된 원한이 함께 있음을 확인하는 에피소드.",
stage.ch1.episode6,title,산채의 토벌,
stage.job.first_job,body,기본 직업별 첫 번째 상위 직업으로 전직하는 노드.,
stage.job.first_job,title,첫 번째 전직,
stage.job.second_job,body,파티원의 현재 직업 단계에 따라 첫 번째 또는 두 번째 상위 직업으로 전직하는 통합 승급 노드.,
stage.job.second_job,title,두 번째 전직,
stage.story.easy.001,body,마을 어귀의 빨래터에서 잠시 손을 보태거나 쉬어 간다.,
stage.story.easy.001,title,햇살 아래 빨래터,
stage.story.easy.001.choice.help,label,빨래를 도와준다,
stage.story.easy.001.choice.rest,label,물가에서 쉰다,
stage.story.easy.001.choice.search,label,조약돌을 살펴본다,
stage.story.easy.001.end,body,햇살이 기울기 전에 다시 길을 나선다.,
stage.story.easy.001.help,body,젖은 천을 짜고 빨랫줄을 다시 묶어주었다.\n노인은 고마워하며 여행길에 도움이 될 이야기를 들려주었다.,
stage.story.easy.001.help.next,label,다음,
stage.story.easy.001.rest,body,차가운 물에 손을 담그고 잠시 쉬었다.\n잔잔한 물소리 덕분에 피로가 조금 가셨다.,
stage.story.easy.001.rest.next,label,다음,
stage.story.easy.001.search,body,반짝이는 조약돌 사이에서 작은 동전 몇 닢을 발견했다.\n누군가 잃어버린 것이지만 주인을 찾을 수는 없었다.,
stage.story.easy.001.search.next,label,다음,
stage.story.easy.002,body,낮은 울타리 너머로 잘 익은 과일 향이 흘러나왔다.,
stage.story.easy.002,title,달콤한 과수원,
stage.story.easy.002.choice.crate,label,빈 상자를 정리한다,
stage.story.easy.002.choice.eat,label,과일을 얻어먹는다,
stage.story.easy.002.choice.pick,label,과일 줍기를 돕는다,
stage.story.easy.002.crate,body,빈 상자를 옮기던 중 틈새에 끼어 있던 동전 주머니를 발견했다.\n주인은 오래된 물건이라며 가져가도 좋다고 했다.,
stage.story.easy.002.crate.next,label,다음,
stage.story.easy.002.eat,body,막 씻은 과일을 한입 베어 물었다.\n상큼한 단맛이 입안에 퍼지며 기운이 돌아왔다.,
stage.story.easy.002.eat.next,label,다음,
stage.story.easy.002.end,body,과일 향을 뒤로하고 부드러운 흙길을 따라 걷는다.,
stage.story.easy.002.pick,body,바구니 가득 떨어진 과일을 모아주었다.\n주인은 수확 요령과 길가의 지형을 알려주었다.,
stage.story.easy.002.pick.next,label,다음,
stage.story.easy.003,body,작은 강아지 한 마리가 길가에서 꼬리를 내린 채 낑낑거리고 있었다.,
stage.story.easy.003,title,길 잃은 강아지,
stage.story.easy.003.choice.feed,label,먹을 것을 나눠준다,
stage.story.easy.003.choice.return,label,주인에게 데려간다,
stage.story.easy.003.choice.tag,label,목줄을 확인한다,
stage.story.easy.003.end,body,강아지가 안전해진 것을 확인하고 발걸음을 옮긴다.,
stage.story.easy.003.feed,body,가지고 있던 마른 빵을 조금 나눠주었다.\n강아지는 안정을 되찾았고 당신도 잠시 마음이 놓였다.,
stage.story.easy.003.feed.next,label,다음,
stage.story.easy.003.return,body,강아지를 안고 소리가 들리는 쪽으로 향했다.\n주인은 크게 안도하며 당신의 친절을 기억하겠다고 말했다.,
stage.story.easy.003.return.next,label,다음,
stage.story.easy.003.tag,body,목줄 뒤쪽에 작은 사례금 주머니가 묶여 있었다.\n주인을 찾아주기 위한 표시로 남겨둔 듯했다.,
stage.story.easy.003.tag.next,label,다음,
stage.story.easy.004,body,버려진 사당에서 낡은 종과 등잔을 발견한다.,
stage.story.easy.004,title,종소리 작은 사당,
stage.story.easy.004.bell,body,종을 조심스레 울리자 사당 뒤편의 작은 함이 열렸다. 함 안에는 길손을 위해 남겨 둔 엽전이 들어 있었다.,
stage.story.easy.004.bell.next,label,다음,
stage.story.easy.004.choice.bell,label,종을 한 번 울린다,
stage.story.easy.004.choice.lantern,label,등잔을 살핀다,
stage.story.easy.004.choice.pray,label,나무 패를 바로 세운다,
stage.story.easy.004.end,body,사당의 종소리는 곧 잦아들었다. 길 위에는 다시 조용한 바람만 남았다.,
stage.story.easy.004.lantern,body,등잔 밑에서 말린 약초 꾸러미를 발견했다. 오래되었지만 아직 쓸 수 있는 것이었다.,
stage.story.easy.004.lantern.next,label,다음,
stage.story.easy.004.pray,body,"넘어진 나무 패를 바로 세우고 짧게 묵념했다. 사당 안의 찬 기운이 누그러지고, 마음이 조금 가벼워졌다.",
stage.story.easy.004.pray.next,label,다음,
stage.story.easy.004.start,body,"숲길 끝 작은 사당에서 낮고 맑은 종소리가 울렸다. 툇마루에는 먼지가 쌓였고, 꺼진 등잔 옆에는 누군가 남긴 나무 패가 놓여 있었다. 사당은 오래 비어 있었지만, 이상하게도 종만은 방금 울린 듯 미세하게 떨리고 있었다.",
stage.story.easy.005,body,새벽 이슬이 맺힌 작은 약초밭을 발견했다.,
stage.story.easy.005,title,새벽 이슬 약초밭,
stage.story.easy.005.bundle,body,말린 약초 묶음 사이에서 오래된 은화를 발견했다.\n밭 주인은 잊고 있던 것이라며 사례로 건넸다.,
stage.story.easy.005.bundle.next,label,다음,
stage.story.easy.005.choice.bundle,label,말린 약초 묶음을 본다,
stage.story.easy.005.choice.harvest,label,약초 수확을 돕는다,
stage.story.easy.005.choice.tea,label,약초차를 마신다,
stage.story.easy.005.end,body,이슬이 마르기 전 밭을 떠나 다음 길로 향한다.,
stage.story.easy.005.harvest,body,잎이 상하지 않도록 조심스레 약초를 땄다.\n밭 주인은 약초를 구별하는 간단한 법을 알려주었다.,
stage.story.easy.005.harvest.next,label,다음,
stage.story.easy.005.tea,body,따뜻한 약초차를 천천히 마셨다.\n몸속에 은은한 온기가 퍼졌다.,
stage.story.easy.005.tea.next,label,다음,
stage.story.easy.006,body,잔잔한 물가에 작은 나룻배가 묶여 있었다.,
stage.story.easy.006,title,느린 나룻배,
stage.story.easy.006.choice.dock,label,선착장을 살펴본다,
stage.story.easy.006.choice.ride,label,배에 앉아 쉰다,
stage.story.easy.006.choice.row,label,노 젓기를 거든다,
stage.story.easy.006.dock,body,선착장 나무판 사이에 끼어 있던 작은 주머니를 발견했다.\n사공은 오래된 분실물이라며 가져가도 좋다고 했다.,
stage.story.easy.006.dock.next,label,다음,
stage.story.easy.006.end,body,나룻배가 물결을 가르며 조용히 멀어진다.,
stage.story.easy.006.ride,body,나룻배에 앉아 강바람을 맞았다.\n부드러운 흔들림에 지친 몸이 조금 풀렸다.,
stage.story.easy.006.ride.next,label,다음,
stage.story.easy.006.row,body,사공과 함께 천천히 노를 저었다.\n물길을 읽는 방법을 배우며 강을 무사히 건넜다.,
stage.story.easy.006.row.next,label,다음,
stage.story.easy.007,body,길모퉁이 작은 찻집에서 은은한 차 향이 새어 나왔다.,
stage.story.easy.007,title,찻집의 남은 불씨,
stage.story.easy.007.choice.counter,label,계산대를 정리한다,
stage.story.easy.007.choice.drink,label,따뜻한 차를 마신다,
stage.story.easy.007.choice.serve,label,찻잔 정리를 돕는다,
stage.story.easy.007.counter,body,계산대 아래에 굴러 들어간 동전을 주워 건넸다.\n주인은 정직함에 고마워하며 일부를 사례로 돌려주었다.,
stage.story.easy.007.counter.next,label,다음,
stage.story.easy.007.drink,body,남은 차를 한 잔 받아 마셨다.\n따뜻한 향이 목을 타고 내려가며 몸이 가벼워졌다.,
stage.story.easy.007.drink.next,label,다음,
stage.story.easy.007.end,body,찻집 문이 닫히고 길 위에는 따뜻한 향만 남았다.,
stage.story.easy.007.serve,body,비어 있는 찻잔과 의자를 가지런히 정리했다.\n주인은 여러 손님에게 들은 길 이야기를 나눠주었다.,
stage.story.easy.007.serve.next,label,다음,
stage.story.easy.008,body,갈림길 표지판에 푸른 리본이 묶여 있었다.,
stage.story.easy.008,title,푸른 리본 표지판,
stage.story.easy.008.choice.fix,label,표지판을 바로 세운다,
stage.story.easy.008.choice.follow,label,리본 길을 따라간다,
stage.story.easy.008.choice.post,label,표지판 밑을 본다,
stage.story.easy.008.end,body,정돈된 표지판을 뒤로하고 망설임 없이 길을 고른다.,
stage.story.easy.008.fix,body,기울어진 표지판을 세우고 리본을 다시 단단히 묶었다.\n길의 방향을 확인하며 주변 지리를 익혔다.,
stage.story.easy.008.fix.next,label,다음,
stage.story.easy.008.follow,body,푸른 리본이 이어진 완만한 길을 걸었다.\n험한 길을 피한 덕분에 체력을 아낄 수 있었다.,
stage.story.easy.008.follow.next,label,다음,
stage.story.easy.008.post,body,표지판 아래 작은 돌무더기에서 동전 몇 닢을 발견했다.\n길 안내를 남긴 사람이 둔 사례금 같았다.,
stage.story.easy.008.post.next,label,다음,
stage.story.easy.009,body,숲 가장자리 벤치 위에 작은 음악 상자가 놓여 있었다.,
stage.story.easy.009,title,작은 음악 상자,
stage.story.easy.009.choice.listen,label,선율을 들어본다,
stage.story.easy.009.choice.open,label,상자 안을 확인한다,
stage.story.easy.009.choice.return,label,소녀에게 돌려준다,
stage.story.easy.009.end,body,음악 소리가 멀어지고 숲길은 다시 조용해졌다.,
stage.story.easy.009.listen,body,음악 상자의 선율을 잠시 들었다.\n낯설지만 편안한 멜로디가 마음을 달래주었다.,
stage.story.easy.009.listen.next,label,다음,
stage.story.easy.009.open,body,뚜껑 안쪽에 작은 금속 장식과 동전이 들어 있었다.\n소녀는 장식만 챙기고 동전은 사례로 남겼다.,
stage.story.easy.009.open.next,label,다음,
stage.story.easy.009.return,body,음악 상자를 소녀에게 건넸다.\n소녀는 활짝 웃으며 이 물건에 얽힌 추억을 들려주었다.,
stage.story.easy.009.return.next,label,다음,
stage.story.easy.010,body,낡은 전갈함에서 주인을 찾지 못한 서찰을 발견한다.,
stage.story.easy.010,title,마을 입구의 전갈함,
stage.story.easy.010.choice.coin,label,전갈함 밑을 확인한다,
stage.story.easy.010.choice.deliver,label,서찰의 주인을 찾아준다,
stage.story.easy.010.choice.dry,label,젖은 서찰을 말린다,
stage.story.easy.010.coin,body,전갈함 밑에서 파발꾼의 사례금으로 보이는 엽전 꾸러미를 발견했다. 주인을 찾을 수 없어 길의 보상으로 챙겼다.,
stage.story.easy.010.coin.next,label,다음,
stage.story.easy.010.deliver,body,서찰에 적힌 이름을 따라가 늙은 장정에게 전했다. 그는 오래 기다렸다는 듯 고개를 숙이고 작게 사례했다.,
stage.story.easy.010.deliver.next,label,다음,
stage.story.easy.010.dry,body,"젖은 서찰을 조심스레 말려 글자를 살렸다. 급한 소식은 아니었지만, 누군가에게는 필요한 안부였다.",
stage.story.easy.010.dry.next,label,다음,
stage.story.easy.010.end,body,전갈함은 다시 단단히 닫혔다. 다음 길손이 길을 잃지 않도록 장승 옆에 바로 세워 두었다.,
stage.story.easy.010.start,body,"마을 입구 장승 아래 낡은 전갈함이 기울어져 있었다. 파발꾼이 한동안 오지 못한 듯, 젖은 서찰 몇 장이 틈새에 끼어 있었다. 봉인이 흐려진 한 장은 아직 읽을 수 있었다.",
stage.story.easy.011,body,해가 뜨기 전의 작은 시장에 등불 몇 개가 흔들리고 있었다.,
stage.story.easy.011,title,새벽 시장의 등불,
stage.story.easy.011.carry,body,빈 상자를 차곡차곡 옮겨 좌판 옆에 쌓아주었다.\n장수는 환하게 웃으며 근처 길목의 지름길을 알려주었다.,
stage.story.easy.011.carry.next,label,다음,
stage.story.easy.011.choice.carry,label,상자를 옮긴다,
stage.story.easy.011.choice.crate,label,상자 틈을 살핀다,
stage.story.easy.011.choice.warm,label,등불 곁에서 쉰다,
stage.story.easy.011.crate,body,삐걱거리는 상자 틈에서 작은 동전 주머니를 발견했다.\n장수는 오래전에 잊은 물건이라며 가져도 좋다고 했다.,
stage.story.easy.011.crate.next,label,다음,
stage.story.easy.011.end,body,시장에 첫 손님이 들어설 무렵 다시 길을 나선다.,
stage.story.easy.011.warm,body,등불 곁에서 따뜻한 차를 한 잔 얻어 마셨다.\n새벽 찬기가 누그러지며 몸이 한결 가벼워졌다.,
stage.story.easy.011.warm.next,label,다음,
stage.story.easy.012,body,얕은 개울 위로 놓인 나무다리가 비스듬히 기울어져 있었다.,
stage.story.easy.012,title,개울가의 작은 다리,
stage.story.easy.012.branch,body,걸린 나뭇가지를 걷어내자 물밑에서 반짝이는 동전이 드러났다.\n작은 행운이 주머니 안으로 들어왔다.,
stage.story.easy.012.branch.next,label,다음,
stage.story.easy.012.choice.branch,label,나뭇가지를 걷어낸다,
stage.story.easy.012.choice.fix,label,다리를 고친다,
stage.story.easy.012.choice.water,label,개울물로 씻는다,
stage.story.easy.012.end,body,다리가 다시 조용해지고 개울물만 맑게 흘러간다.,
stage.story.easy.012.fix,body,다리 아래에 돌을 괴고 흔들리는 판자를 눌러 고정했다.\n아이는 고맙다며 건너편 언덕의 길을 알려주었다.,
stage.story.easy.012.fix.next,label,다음,
stage.story.easy.012.water,body,맑은 개울물에 손과 얼굴을 씻었다.\n차가운 물이 먼지와 피로를 함께 씻어내는 듯하다.,
stage.story.easy.012.water.next,label,다음,
stage.story.easy.013,body,골목 모퉁이의 작은 꽃집 앞에 화분들이 줄지어 놓여 있었다.,
stage.story.easy.013,title,꽃집 앞의 화분,
stage.story.easy.013.choice.pot,label,깨진 화분을 치운다,
stage.story.easy.013.choice.smell,label,꽃향기를 맡는다,
stage.story.easy.013.choice.water,label,화분에 물을 준다,
stage.story.easy.013.end,body,꽃잎 위에 물방울이 맺히고 골목은 한층 밝아졌다.,
stage.story.easy.013.pot,body,깨진 화분 조각을 모으다가 흙 속에 묻힌 작은 은화를 발견했다.\n주인은 오래된 장식이라며 선물로 건넸다.,
stage.story.easy.013.pot.next,label,다음,
stage.story.easy.013.smell,body,향이 은은한 꽃 앞에 잠시 멈춰 섰다.\n맑은 향기가 머릿속까지 스며들며 긴장이 풀렸다.,
stage.story.easy.013.smell.next,label,다음,
stage.story.easy.013.water,body,마른 화분에 물을 주고 흩어진 흙을 쓸어 담았다.\n꽃집 주인은 계절마다 피는 꽃 이름을 즐겁게 들려주었다.,
stage.story.easy.013.water.next,label,다음,
stage.story.easy.014,body,낮은 언덕 위의 풍차가 느리게 돌아가고 있었다.,
stage.story.easy.014,title,언덕 위 풍차,
stage.story.easy.014.choice.gear,label,기어 주변을 본다,
stage.story.easy.014.choice.rest,label,그늘에서 쉰다,
stage.story.easy.014.choice.sack,label,자루를 옮긴다,
stage.story.easy.014.end,body,풍차 날개가 다시 부드럽게 돌기 시작한다.,
stage.story.easy.014.gear,body,기어 옆에 떨어진 작은 금속 장식을 주웠다.\n풍차지기는 쓸모없는 부품이라며 사례로 동전을 얹어주었다.,
stage.story.easy.014.gear.next,label,다음,
stage.story.easy.014.rest,body,풍차 그늘에 앉아 천천히 숨을 골랐다.\n날개가 도는 규칙적인 소리가 마음을 안정시켰다.,
stage.story.easy.014.rest.next,label,다음,
stage.story.easy.014.sack,body,밀가루 자루를 창고 안쪽까지 옮겨주었다.\n풍차지기는 언덕 너머 마을 이야기를 들려주며 고마워했다.,
stage.story.easy.014.sack.next,label,다음,
stage.story.easy.015,body,작은 여관 지붕 위에서 빈 바구니가 덜컹거렸다.,
stage.story.easy.015,title,고양이 없는 지붕,
stage.story.easy.015.choice.gutter,label,처마 홈을 살핀다,
stage.story.easy.015.choice.room,label,빈방에서 쉰다,
stage.story.easy.015.choice.towel,label,수건을 모아준다,
stage.story.easy.015.end,body,바구니가 다시 제자리에 놓이고 여관 앞길이 조용해진다.,
stage.story.easy.015.gutter,body,처마 홈을 살피다 오래된 동전 몇 닢을 발견했다.\n주인은 청소해준 값이라며 웃으며 넘겨주었다.,
stage.story.easy.015.gutter.next,label,다음,
stage.story.easy.015.room,body,여관 안쪽 빈방에서 잠시 쉬어가도 좋다는 허락을 받았다.\n짧은 휴식이지만 몸에 온기가 돌아왔다.,
stage.story.easy.015.room.next,label,다음,
stage.story.easy.015.towel,body,지붕 위에 걸린 수건들을 모아 내려주었다.\n여관 주인은 여행객이 자주 묻는 안전한 길을 알려주었다.,
stage.story.easy.015.towel.next,label,다음,
stage.story.easy.016,body,작은 마을의 마른 우물 옆에 낡은 두레박이 놓여 있었다.,
stage.story.easy.016,title,마른 우물의 두레박,
stage.story.easy.016.bucket,body,두레박 줄을 다시 묶고 천천히 물을 길어 올렸다.\n아이들은 고마워하며 마을 뒤편의 안전한 길을 알려주었다.,
stage.story.easy.016.bucket.next,label,다음,
stage.story.easy.016.choice.bucket,label,두레박을 고친다,
stage.story.easy.016.choice.shade,label,그늘에서 쉰다,
stage.story.easy.016.choice.stone,label,우물 턱을 살핀다,
stage.story.easy.016.end,body,두레박이 다시 우물 안으로 내려가고 마을길에는 물소리가 돌아왔다.,
stage.story.easy.016.shade,body,우물가 그늘에 앉아 잠시 숨을 골랐다.\n서늘한 돌벽에서 올라오는 냉기가 피로를 덜어주었다.,
stage.story.easy.016.shade.next,label,다음,
stage.story.easy.016.stone,body,우물 턱의 흔들리는 돌을 바로잡다가 아래에 숨은 동전을 발견했다.\n작은 보답처럼 주머니가 조금 묵직해졌다.,
stage.story.easy.016.stone.next,label,다음,
stage.story.easy.017,body,길가에 버려진 바구니와 작은 발자국을 발견한다.,
stage.story.easy.017,title,길가의 빈 바구니,
stage.story.easy.017.choice.coins,label,바구니 밑을 본다,
stage.story.easy.017.choice.rest,label,그늘에서 쉰다,
stage.story.easy.017.choice.return,label,발자국을 따라간다,
stage.story.easy.017.coins,body,바구니 아래에 묶여 있던 작은 엽전 주머니를 발견했다. 주인을 찾을 흔적이 없어 길을 관리하던 이의 보상으로 챙겼다.,
stage.story.easy.017.coins.next,label,다음,
stage.story.easy.017.end,body,"빈 바구니는 제 주인을 찾아가고, 길에는 다시 고요한 풀내음만 남았다.",
stage.story.easy.017.rest,body,오래된 느티나무 그늘에서 잠시 쉬었다. 습한 흙냄새가 지친 몸을 가볍게 만들었다.,
stage.story.easy.017.rest.next,label,다음,
stage.story.easy.017.return,body,발자국을 따라가다 바구니를 잃어버린 아이를 찾았다. 바구니를 돌려주자 아이는 고맙다며 샛길을 알려 주었다.,
stage.story.easy.017.return.next,label,다음,
stage.story.easy.017.start,body,"비탈진 길목에 빈 바구니가 엎어져 있었다. 바구니 옆에는 작은 발자국과 흩어진 도토리 껍질이 이어졌다. 주인을 찾아도 좋고, 잠시 쉬어 가도 좋은 조용한 길이었다.",
stage.story.easy.018,body,낡은 서찰통을 단 전서구가 길가에서 쉬고 있다.,
stage.story.easy.018,title,졸고 있는 전서구,
stage.story.easy.018.choice.send,label,서찰을 목적지로 보낸다,
stage.story.easy.018.choice.treat,label,날개를 살핀다,
stage.story.easy.018.choice.tube,label,서찰통을 확인한다,
stage.story.easy.018.end,body,전서구는 해가 기울기 전 다시 하늘로 올랐다. 흰 깃털 하나만 담장 위에 남았다.,
stage.story.easy.018.send,body,전서구에게 물을 먹이고 높은 곳에서 날려 보냈다. 새는 잠시 맴돌다 방향을 잡고 힘차게 날아갔다.,
stage.story.easy.018.send.next,label,다음,
stage.story.easy.018.start,body,"낮은 담장 위에 전서구 한 마리가 졸고 있었다. 다리에는 작은 서찰통이 묶여 있었고, 날개에는 먼지가 잔뜩 묻어 있었다. 너무 오래 날아온 탓인지 사람을 보고도 도망치지 않았다.",
stage.story.easy.018.treat,body,날개에 박힌 가시를 빼내고 천으로 감싸 주었다. 전서구는 손등을 가볍게 쪼아 인사하듯 고개를 숙였다.,
stage.story.easy.018.treat.next,label,다음,
stage.story.easy.018.tube,body,"서찰통 안에는 배달을 부탁한 작은 사례금이 들어 있었다. 서찰은 이미 비에 젖어 읽을 수 없었지만, 값은 길 위의 수고로 남았다.",
stage.story.easy.018.tube.next,label,다음,
stage.story.easy.019,body,작은 보리밭 한가운데 허수아비가 바람에 넘어져 있다.,
stage.story.easy.019,title,바람에 넘어진 허수아비,
stage.story.easy.019.choice.hat,label,모자 안을 확인한다,
stage.story.easy.019.choice.hay,label,짚더미에서 쉰다,
stage.story.easy.019.choice.repair,label,허수아비를 세운다,
stage.story.easy.019.end,body,허수아비가 다시 들판을 지키자 새들은 일제히 먼 울타리로 날아갔다.,
stage.story.easy.019.hat,body,넘어진 허수아비의 모자 속에서 밭주인이 숨겨 둔 비상 동전을 찾았다. 곁의 쪽지에는 도운 이가 가져가도 좋다고 적혀 있었다.,
stage.story.easy.019.hat.next,label,다음,
stage.story.easy.019.hay,body,마른 짚을 모아 푹신한 자리를 만들고 잠시 누웠다. 들판의 따뜻한 바람이 피로를 씻어 주었다.,
stage.story.easy.019.hay.next,label,다음,
stage.story.easy.019.repair,body,새 막대를 덧대 허수아비를 세웠다. 밭주인은 손놀림을 칭찬하며 도구를 다루는 요령을 알려주었다.,
stage.story.easy.019.repair.next,label,다음,
stage.story.easy.019.start,body,작은 보리밭 한가운데 허수아비가 바람에 넘어져 있다. 새들은 아직 멀찍이 앉아 있지만 곧 밭으로 몰려들 기세다. 주변에는 부러진 막대와 마른 짚이 넉넉하다.,
stage.story.easy.020,body,맑은 개울 위에 놓인 나무 징검다리 하나가 물살에 비뚤어져 있다.,
stage.story.easy.020,title,개울의 나무 징검다리,
stage.story.easy.020.bridge,body,돌과 밧줄로 나무를 단단히 고정했다. 안전한 건넘길을 만든 경험이 앞으로의 여정에도 도움이 될 듯하다.,
stage.story.easy.020.bridge.next,label,다음,
stage.story.easy.020.choice.bridge,label,징검다리를 고친다,
stage.story.easy.020.choice.pouch,label,반짝이는 것을 건진다,
stage.story.easy.020.choice.wash,label,개울물에 쉰다,
stage.story.easy.020.end,body,"고쳐진 나무 위로 물방울이 반짝이고, 개울 건너 길이 한층 가까워졌다.",
stage.story.easy.020.pouch,body,물속에서 반짝이는 작은 주머니를 건졌다. 떠내려온 주머니 안에는 녹슬지 않은 동전이 들어 있었다.,
stage.story.easy.020.pouch.next,label,다음,
stage.story.easy.020.start,body,맑은 개울 위에 놓인 나무 징검다리 하나가 물살에 비뚤어져 있다. 폭은 좁지만 마을 사람들이 자주 쓰는 길인 듯 발자국이 선명하다. 근처의 둥근 돌과 밧줄이면 쉽게 바로잡을 수 있다.,
stage.story.easy.020.wash,body,개울가에 발을 담그고 차가운 물로 상처를 씻었다. 맑은 물이 열기를 가라앉혀 주었다.,
stage.story.easy.020.wash.next,label,다음,
stage.story.easy.021,body,마을 어귀의 작은 종탑 아래에서 흰 염소 한 마리가 목줄을 끌며 서성인다.,
stage.story.easy.021,title,저녁 종을 기다리는 염소,
stage.story.easy.021.choice.herd,label,우리로 데려간다,
stage.story.easy.021.choice.ribbon,label,목줄을 살핀다,
stage.story.easy.021.choice.shade,label,종탑 아래서 쉰다,
stage.story.easy.021.end,body,저녁 종이 울리자 염소는 익숙한 길을 따라 목동 곁으로 돌아갔다.,
stage.story.easy.021.herd,body,이름표를 따라 염소를 우리까지 데려다주었다. 목동은 안전한 산길과 야생 짐승의 흔적을 구별하는 법을 가르쳐 주었다.,
stage.story.easy.021.herd.next,label,다음,
stage.story.easy.021.ribbon,body,목줄에 엉킨 작은 장식 주머니를 풀었다. 목동이 사례로 남겨 둔 동전 몇 닢이 들어 있었다.,
stage.story.easy.021.ribbon.next,label,다음,
stage.story.easy.021.shade,body,염소와 함께 종탑 그늘에 앉아 잠시 기다렸다. 느긋한 울음소리를 듣는 사이 숨이 고르게 돌아왔다.,
stage.story.easy.021.shade.next,label,다음,
stage.story.easy.021.start,body,"마을 어귀의 작은 종탑 아래에서 흰 염소 한 마리가 목줄을 끌며 서성인다. 목줄 끝에는 목동의 이름표가 달려 있고, 멀리 우리 쪽에서 저녁 종소리가 들려온다.",
stage.story.hard.001,body,산등성이의 버려진 초소가 검은 안개에 잠겨 있었다.,
stage.story.hard.001,title,검은 안개의 초소,
stage.story.hard.001.camp,body,젖은 장작에 어렵게 불을 붙였다.\n안개가 잠시 물러난 사이 몸을 녹이며 상처를 돌볼 수 있었다.,
stage.story.hard.001.camp.next,label,다음,
stage.story.hard.001.choice.camp,label,불을 피워 버틴다,
stage.story.hard.001.choice.enter,label,초소 안으로 들어간다,
stage.story.hard.001.choice.locker,label,보급함을 연다,
stage.story.hard.001.end,body,경보 종이 멎자 안개 속 길이 희미하게 드러났다.,
stage.story.hard.001.enter,body,숨을 낮추고 초소 안을 조사했다.\n낡은 순찰 기록에서 위험한 길목을 피하는 단서를 얻었다.,
stage.story.hard.001.enter.next,label,다음,
stage.story.hard.001.locker,body,녹슨 보급함의 자물쇠를 힘겹게 열었다.\n안쪽에는 오래된 군자금이 조금 남아 있었다.,
stage.story.hard.001.locker.next,label,다음,
stage.story.hard.002,body,깎아지른 절벽 위에서 붉은 천 조각이 흔들리고 있었다.,
stage.story.hard.002,title,절벽 위 구조 신호,
stage.story.hard.002.choice.climb,label,절벽을 내려간다,
stage.story.hard.002.choice.pack,label,찢어진 배낭을 회수한다,
stage.story.hard.002.choice.rope,label,밧줄을 고정한다,
stage.story.hard.002.climb,body,바위 틈을 붙잡고 천천히 내려갔다.\n아래에 갇힌 여행자를 발견해 안전한 길로 이끌었다.,
stage.story.hard.002.climb.next,label,다음,
stage.story.hard.002.end,body,절벽을 벗어난 뒤에도 손끝에는 차가운 돌 감각이 남았다.,
stage.story.hard.002.pack,body,절벽 턱에 걸린 배낭을 끌어올렸다.\n안에는 주인을 찾기 어려운 값나가는 물건이 들어 있었다.,
stage.story.hard.002.pack.next,label,다음,
stage.story.hard.002.rope,body,주변 나무에 밧줄을 묶고 몸을 안정시켰다.\n긴장이 풀리자 그제야 호흡을 가다듬을 수 있었다.,
stage.story.hard.002.rope.next,label,다음,
stage.story.hard.003,body,붉은 달빛 아래 낡은 공동묘지가 모습을 드러냈다.,
stage.story.hard.003,title,붉은 달의 묘지기,
stage.story.hard.003.choice.crypt,label,열린 납골당을 살핀다,
stage.story.hard.003.choice.guard,label,묘지기를 돕는다,
stage.story.hard.003.choice.lantern,label,등불 곁에 선다,
stage.story.hard.003.crypt,body,반쯤 열린 납골당 안에서 작은 금속 상자를 발견했다.\n상자는 오래전 봉인된 공물처럼 보였다.,
stage.story.hard.003.crypt.next,label,다음,
stage.story.hard.003.end,body,묘지기를 뒤로하자 붉은 달이 구름 뒤로 숨어들었다.,
stage.story.hard.003.guard,body,묘비를 바로 세우고 흐트러진 흙을 덮었다.\n묘지기는 죽은 자를 모시는 법과 금기를 조용히 알려주었다.,
stage.story.hard.003.guard.next,label,다음,
stage.story.hard.003.lantern,body,묘지기의 등불 옆에서 숨을 골랐다.\n붉은 달빛이 닿지 않는 곳에서 몸의 떨림이 조금 가라앉았다.,
stage.story.hard.003.lantern.next,label,다음,
stage.story.hard.004,body,폐광 입구에서 돌가루가 계속 떨어지고 있었다.,
stage.story.hard.004,title,무너지는 광산길,
stage.story.hard.004.brace,body,부러진 지지대를 다시 세우고 안전한 공간을 만들었다.\n먼지를 피해 잠시 쉬며 몸을 추스를 수 있었다.,
stage.story.hard.004.brace.next,label,다음,
stage.story.hard.004.choice.brace,label,기둥을 세워 길을 확보한다,
stage.story.hard.004.choice.ore,label,광석 더미를 조사한다,
stage.story.hard.004.choice.rescue,label,소리가 나는 곳으로 간다,
stage.story.hard.004.end,body,폐광 밖으로 나오자 입구 뒤편에서 돌이 무너지는 소리가 울렸다.,
stage.story.hard.004.ore,body,버려진 광석 더미 깊숙한 곳에서 정제된 은괴를 발견했다.\n위험을 감수한 만큼 묵직한 보상이었다.,
stage.story.hard.004.ore.next,label,다음,
stage.story.hard.004.rescue,body,무너진 갱도 사이를 기어가 갇힌 광부를 찾아냈다.\n광부는 탈출하며 갱도 지도를 머릿속에 새겨주었다.,
stage.story.hard.004.rescue.next,label,다음,
stage.story.hard.005,body,무너져 가는 봉수대에서 불씨와 사람들을 지켜낸다.,
stage.story.hard.005,title,폭풍 속 봉수대,
stage.story.hard.005.choice.keeper,label,봉수꾼을 구한다,
stage.story.hard.005.choice.signal,label,봉수 불씨를 살린다,
stage.story.hard.005.choice.store,label,비상 물자를 챙긴다,
stage.story.hard.005.end,body,봉수대의 불은 간신히 살아남았다. 폭풍 너머로 흐릿한 응답 신호가 이어졌다.,
stage.story.hard.005.keeper,body,무너진 돌을 치우고 봉수꾼을 끌어냈다. 그는 숨을 고르며 절벽 아래 안전한 길을 알려 주었다.,
stage.story.hard.005.keeper.next,label,다음,
stage.story.hard.005.signal,body,젖은 장작을 걷어 내고 마른 쑥단을 찾아 불씨를 살렸다. 연기가 하늘로 올라가자 포구 쪽에서 응답 불빛이 깜박였다.,
stage.story.hard.005.signal.next,label,다음,
stage.story.hard.005.start,body,"바닷길이 보이는 절벽 위 봉수대가 폭풍에 흔들리고 있었다. 화로의 불씨는 꺼지기 직전이고, 봉수꾼은 돌벽 틈에 끼어 움직이지 못했다. 아래쪽 포구에는 아직 이 신호를 기다리는 배들이 있었다.",
stage.story.hard.005.store,body,비상 궤짝에서 방수 천과 엽전 꾸러미를 발견했다. 봉수대가 무너지기 전에 필요한 것만 챙겨 빠져나왔다.,
stage.story.hard.005.store.next,label,다음,
stage.story.hard.006,body,짙은 늪지에 보랏빛 독초가 빽빽하게 피어 있었다.,
stage.story.hard.006,title,독초가 핀 늪지,
stage.story.hard.006.cargo,body,늪가에 버려진 방수 가방을 열었다.\n안에는 젖지 않은 귀중품과 작은 금화가 들어 있었다.,
stage.story.hard.006.cargo.next,label,다음,
stage.story.hard.006.choice.cargo,label,버려진 짐을 확인한다,
stage.story.hard.006.choice.herb,label,해독 약초를 찾는다,
stage.story.hard.006.choice.track,label,발자국을 따라간다,
stage.story.hard.006.end,body,늪을 벗어난 뒤에도 독초 향이 옷자락에 희미하게 남았다.,
stage.story.hard.006.herb,body,독초 사이에서 해독에 쓰이는 잎을 골라냈다.\n쓴 즙을 삼키자 흐려지던 정신이 맑아졌다.,
stage.story.hard.006.herb.next,label,다음,
stage.story.hard.006.track,body,독초 사이로 난 희미한 흔적을 추적했다.\n쓰러진 짐꾼을 찾아내고 늪을 빠져나오는 법을 익혔다.,
stage.story.hard.006.track.next,label,다음,
stage.story.hard.007,body,눈보라가 몰아치는 고갯길에서 얼어붙은 마차를 발견했다.,
stage.story.hard.007,title,얼어붙은 고갯길,
stage.story.hard.007.choice.fire,label,바람막이를 만들고 불을 피운다,
stage.story.hard.007.choice.free,label,마차를 꺼낸다,
stage.story.hard.007.choice.trunk,label,짐칸 상자를 연다,
stage.story.hard.007.end,body,고갯길 아래로 내려오자 눈보라 소리가 조금씩 멀어졌다.,
stage.story.hard.007.fire,body,눈벽을 쌓아 바람을 막고 작은 불씨를 살렸다.\n손끝 감각이 돌아오며 몸이 조금 회복되었다.,
stage.story.hard.007.fire.next,label,다음,
stage.story.hard.007.free,body,얼음을 깨고 바퀴를 밀어 마차를 움직였다.\n살아 있던 승객은 눈길을 건너는 요령을 알려주었다.,
stage.story.hard.007.free.next,label,다음,
stage.story.hard.007.trunk,body,짐칸 깊숙한 곳에서 얼어붙은 상자를 꺼냈다.\n상자 안에는 추위에도 손상되지 않은 보석 조각이 있었다.,
stage.story.hard.007.trunk.next,label,다음,
stage.story.hard.008,body,해 질 무렵 숲길에서 가면을 쓴 행렬과 마주쳤다.,
stage.story.hard.008,title,가면 쓴 행렬,
stage.story.hard.008.altar,body,행렬이 사라진 뒤 제단 위를 살폈다.\n촛농 아래 숨겨진 작은 금패를 발견했다.,
stage.story.hard.008.altar.next,label,다음,
stage.story.hard.008.choice.altar,label,의식 제단을 조사한다,
stage.story.hard.008.choice.follow,label,행렬을 따라간다,
stage.story.hard.008.choice.observe,label,멀리서 지켜본다,
stage.story.hard.008.end,body,가면의 시선이 사라진 뒤에야 숲길은 평범한 어둠을 되찾았다.,
stage.story.hard.008.follow,body,가면을 쓰고 행렬 뒤에 섰다.\n낯선 의식의 규칙을 지켜보며 숨겨진 길의 의미를 깨달았다.,
stage.story.hard.008.follow.next,label,다음,
stage.story.hard.008.observe,body,나무 뒤에 몸을 숨기고 행렬이 지나가기를 기다렸다.\n긴장된 시간이 지나자 오히려 정신이 또렷해졌다.,
stage.story.hard.008.observe.next,label,다음,
stage.story.hard.009,body,무너진 관도에서 길을 잃은 사람들을 돕는다.,
stage.story.hard.009,title,갈라진 옛 관도,
stage.story.hard.009.bridge,body,부러진 나무와 밧줄로 임시 다리를 놓았다. 사람들은 조심스레 건너며 관도의 반대편으로 이동했다.,
stage.story.hard.009.bridge.next,label,다음,
stage.story.hard.009.cart,body,부서진 수레에서 흩어진 짐을 거두었다. 주인을 찾을 수 없는 물건은 길의 통행세처럼 남았다.,
stage.story.hard.009.cart.next,label,다음,
stage.story.hard.009.choice.bridge,label,임시 다리를 놓는다,
stage.story.hard.009.choice.cart,label,수레 짐을 수습한다,
stage.story.hard.009.choice.people,label,사람들을 대피시킨다,
stage.story.hard.009.end,body,갈라진 관도에는 흙먼지만 남았다. 그러나 사람들은 해가 지기 전 무사히 길을 벗어났다.,
stage.story.hard.009.people,body,장정들을 낮은 능선으로 이끌었다. 안전한 곳에 닿자 그들이 약초와 물을 나눠 주었다.,
stage.story.hard.009.people.next,label,다음,
stage.story.hard.009.start,body,"오래된 관도가 산사태로 갈라져 있었다. 한쪽에는 부서진 수레가 걸려 있었고, 다른 쪽에는 길을 잃은 장정들이 불안하게 서 있었다. 더 늦으면 길 전체가 흙더미에 묻힐 듯했다.",
stage.story.hard.010,body,"자정이 가까운 시각, 폐쇄된 검문소에 횃불 하나가 켜져 있었다.",
stage.story.hard.010,title,심야의 검문소,
stage.story.hard.010.choice.records,label,문서를 조사한다,
stage.story.hard.010.choice.safe,label,잠긴 금고를 연다,
stage.story.hard.010.choice.tower,label,감시탑에 오른다,
stage.story.hard.010.end,body,검문소를 떠날 때 횃불은 스스로 꺼진 듯 어둠 속으로 사라졌다.,
stage.story.hard.010.records,body,흩어진 통행 기록과 밀수 표식을 대조했다.\n검문소가 버려진 이유와 위험한 거래 경로를 파악했다.,
stage.story.hard.010.records.next,label,다음,
stage.story.hard.010.safe,body,감시실 벽 뒤에 숨겨진 금고를 찾아냈다.\n안에는 압수된 금화와 봉인된 증표가 들어 있었다.,
stage.story.hard.010.safe.next,label,다음,
stage.story.hard.010.tower,body,삐걱이는 계단을 올라 주변을 살폈다.\n높은 곳의 차가운 밤공기가 정신을 맑게 해주었다.,
stage.story.hard.010.tower.next,label,다음,
stage.story.hard.011,body,절벽 끝의 감시탑이 반쯤 무너진 채 서 있었다.,
stage.story.hard.011,title,무너진 감시탑,
stage.story.hard.011.chest,body,잔해 아래에 깔린 철제 함을 끌어냈다.\n녹슨 잠금쇠를 열자 오래된 경비대의 군자금이 모습을 드러냈다.,
stage.story.hard.011.chest.next,label,다음,
stage.story.hard.011.choice.chest,label,철제 함을 꺼낸다,
stage.story.hard.011.choice.climb,label,꼭대기에 오른다,
stage.story.hard.011.choice.shelter,label,탑 아래서 쉰다,
stage.story.hard.011.climb,body,무너진 계단을 붙잡고 꼭대기까지 올라갔다.\n멀리 이어진 적막한 길과 위험한 지형을 한눈에 파악했다.,
stage.story.hard.011.climb.next,label,다음,
stage.story.hard.011.end,body,감시탑의 신호 등불이 마지막으로 흔들리고 어둠 속으로 사라졌다.,
stage.story.hard.011.shelter,body,탑 아래 바람이 덜 드는 공간에 몸을 낮추고 쉬었다.\n거친 바람이 잦아들 때까지 상처를 단단히 묶을 수 있었다.,
stage.story.hard.011.shelter.next,label,다음,
stage.story.hard.012,body,늪 가장자리에서 오래된 성문이 반쯤 물에 잠겨 있었다.,
stage.story.hard.012,title,가라앉은 성문,
stage.story.hard.012.choice.mark,label,문장을 확인한다,
stage.story.hard.012.choice.stone,label,돌 위에서 쉰다,
stage.story.hard.012.choice.water,label,물속을 더듬는다,
stage.story.hard.012.end,body,성문 뒤로 늪안개가 밀려오고 발자국은 금세 지워졌다.,
stage.story.hard.012.mark,body,진흙을 걷어내고 성문의 문장을 확인했다.\n문장 아래 새겨진 옛 통행 규칙에서 안전한 우회로를 알아냈다.,
stage.story.hard.012.mark.next,label,다음,
stage.story.hard.012.stone,body,단단한 돌 위에 앉아 젖은 장비를 말렸다.\n늪의 찬 기운은 거셌지만 잠시 숨을 고르기에는 충분했다.,
stage.story.hard.012.stone.next,label,다음,
stage.story.hard.012.water,body,긴 나뭇가지로 물속을 더듬어 묵직한 금속 상자를 끌어냈다.\n상자 안에는 물기에도 변색되지 않은 금화가 남아 있었다.,
stage.story.hard.012.water.next,label,다음,
stage.story.hard.013,body,산중턱의 폐광 입구가 두꺼운 얼음으로 막혀 있었다.,
stage.story.hard.013,title,얼어붙은 광산 입구,
stage.story.hard.013.cart,body,눈에 묻힌 광산 수레를 밀어내자 바닥에 금속 상자가 드러났다.\n상자 속에는 오래전 채굴된 광석과 금화가 함께 들어 있었다.,
stage.story.hard.013.cart.next,label,다음,
stage.story.hard.013.choice.cart,label,수레를 밀어낸다,
stage.story.hard.013.choice.fire,label,불을 피워 쉰다,
stage.story.hard.013.choice.sign,label,광부 표식을 읽는다,
stage.story.hard.013.end,body,폐광 안쪽에서 울리던 소리가 멎고 눈발이 다시 거세졌다.,
stage.story.hard.013.fire,body,입구 바깥에 작은 불을 피우고 얼어붙은 손을 녹였다.\n잠시나마 몸에 온기가 돌아오며 통증이 가라앉았다.,
stage.story.hard.013.fire.next,label,다음,
stage.story.hard.013.sign,body,얼음에 묻힌 표식을 하나씩 확인했다.\n광부들이 남긴 경고를 통해 무너진 갱도를 피하는 감각을 익혔다.,
stage.story.hard.013.sign.next,label,다음,
stage.story.hard.014,body,붉은 협곡의 좁은 길 끝에 꺼진 봉화대가 있었다.,
stage.story.hard.014,title,붉은 협곡의 봉화,
stage.story.hard.014.ash,body,식은 재를 헤치자 불에 그을린 작은 철함이 나왔다.\n안에는 협곡 수비대가 남긴 보급금이 들어 있었다.,
stage.story.hard.014.ash.next,label,다음,
stage.story.hard.014.beacon,body,마른 장작을 모아 봉화대에 다시 불씨를 살렸다.\n연기가 오르자 협곡을 지나는 바람의 흐름과 길목이 눈에 들어왔다.,
stage.story.hard.014.beacon.next,label,다음,
stage.story.hard.014.choice.ash,label,식은 재를 살핀다,
stage.story.hard.014.choice.beacon,label,봉화를 되살린다,
stage.story.hard.014.choice.wall,label,절벽 그늘에서 쉰다,
stage.story.hard.014.end,body,봉화 연기가 하늘로 흩어지고 협곡 길은 다시 붉게 잠겼다.,
stage.story.hard.014.wall,body,절벽 그늘에 몸을 붙이고 모래바람이 지나가길 기다렸다.\n거친 먼지가 잦아들자 숨을 고르고 상처를 살필 수 있었다.,
stage.story.hard.014.wall.next,label,다음,
stage.story.hard.015,body,폐허가 된 관청 지하에 문서고 문이 굳게 잠겨 있었다.,
stage.story.hard.015,title,잠긴 문서고,
stage.story.hard.015.choice.desk,label,책상 옆에서 쉰다,
stage.story.hard.015.choice.record,label,기록을 조사한다,
stage.story.hard.015.choice.safe,label,숨은 금고를 연다,
stage.story.hard.015.desk,body,지하 책상 옆의 마른 의자에 앉아 숨을 골랐다.\n먼지가 많았지만 벽이 바람을 막아주어 잠시 몸을 회복할 수 있었다.,
stage.story.hard.015.desk.next,label,다음,
stage.story.hard.015.end,body,문서고 문이 다시 닫히고 지하의 먼지가 천천히 가라앉았다.,
stage.story.hard.015.record,body,부서진 열쇠 조각을 맞춰 잠금 구조를 파악하고 문을 열었다.\n낡은 기록에서 사라진 관리들의 이동 경로와 숨은 통로를 알아냈다.,
stage.story.hard.015.record.next,label,다음,
stage.story.hard.015.safe,body,기록장 아래 숨겨진 작은 금고를 발견했다.\n녹슨 장치를 조심스레 풀자 봉인된 금화 묶음이 모습을 드러냈다.,
stage.story.hard.015.safe.next,label,다음,
stage.story.hard.016,body,폭풍이 오기 전 봉수대의 경계와 물자를 정비한다.,
stage.story.hard.016,title,폭풍 전야의 봉수대,
stage.story.hard.016.chest,body,비상 궤짝에는 오래 보관한 엽전과 방수 천이 있었다. 필요한 만큼 챙겨 봉수대의 문을 단단히 닫았다.,
stage.story.hard.016.chest.next,label,다음,
stage.story.hard.016.choice.chest,label,비상 궤짝을 확인한다,
stage.story.hard.016.choice.evacuate,label,사람들을 아래로 보낸다,
stage.story.hard.016.choice.fire,label,화로를 보강한다,
stage.story.hard.016.end,body,첫 번개가 절벽 뒤를 밝혔다. 봉수대의 불씨는 흔들렸지만 꺼지지 않았다.,
stage.story.hard.016.evacuate,body,다친 봉수꾼과 잡역꾼들을 먼저 아래 길로 내려보냈다. 남은 이들이 마음 놓고 신호를 준비했다.,
stage.story.hard.016.evacuate.next,label,다음,
stage.story.hard.016.fire,body,돌로 화로를 막고 마른 쑥단을 안쪽에 넣었다. 폭풍이 와도 한동안 신호를 지킬 수 있게 되었다.,
stage.story.hard.016.fire.next,label,다음,
stage.story.hard.016.start,body,"먹구름이 바닷길 위로 낮게 내려앉았다. 절벽의 봉수대에서는 불씨가 약해지고, 봉수꾼들은 다음 신호를 보낼 준비를 서두르고 있었다. 바람이 더 거세지면 이곳은 고립될 터였다.",
stage.story.hard.017,body,낡은 관상대에서 별자리 기록과 갇힌 사람을 구한다.,
stage.story.hard.017,title,붕괴 직전의 관상대,
stage.story.hard.017.choice.instrument,label,혼천의를 고정한다,
stage.story.hard.017.choice.shelter,label,석실 문을 연다,
stage.story.hard.017.choice.vault,label,관측 궤짝을 챙긴다,
stage.story.hard.017.end,body,관상대의 일부가 뒤늦게 무너졌다. 별을 보던 높은 방은 먼지 속에 가라앉았다.,
stage.story.hard.017.instrument,body,무너지는 받침대를 밧줄로 묶어 혼천의를 고정했다. 별자리판의 위치가 맞춰지자 오래된 기록의 의미가 드러났다.,
stage.story.hard.017.instrument.next,label,다음,
stage.story.hard.017.shelter,body,돌문을 밀어 갇혀 있던 관측자를 구했다. 그는 다친 팔을 감싸며 관상대 아래의 안전한 통로를 알려 주었다.,
stage.story.hard.017.shelter.next,label,다음,
stage.story.hard.017.start,body,"산등성이의 낡은 관상대가 균열 속에서 삐걱거렸다. 혼천의는 한쪽으로 기울었고, 별자리판은 바닥에 흩어져 있었다. 안쪽 석실에서는 누군가 문을 두드리는 소리가 들렸다.",
stage.story.hard.017.vault,body,관측 궤짝에서 낡은 은전과 방수 종이를 꺼냈다. 천장이 내려앉기 전 필요한 것만 챙겨 빠져나왔다.,
stage.story.hard.017.vault.next,label,다음,
stage.story.hard.018,body,폭풍이 몰아치는 암초 사이에 반쯤 부서진 상선이 걸려 있다.,
stage.story.hard.018,title,검은 파도 위의 난파선,
stage.story.hard.018.cabin,body,배 안쪽의 밀폐 선실로 들어가 응급 약품으로 상처를 묶었다. 파도가 잦아드는 짧은 틈에 숨을 돌렸다.,
stage.story.hard.018.cabin.next,label,다음,
stage.story.hard.018.cargo,body,침수되는 화물칸에서 쇠상자를 끌어냈다. 정당한 구조 보상이라 적힌 금화 일부를 챙기고 나머지는 선원에게 돌렸다.,
stage.story.hard.018.cargo.next,label,다음,
stage.story.hard.018.choice.cabin,label,밀폐 선실에서 치료한다,
stage.story.hard.018.choice.cargo,label,화물 상자를 끌어낸다,
stage.story.hard.018.choice.rescue,label,선원들을 구조한다,
stage.story.hard.018.end,body,마지막 선원이 암초를 벗어나자 난파선은 검은 파도 아래로 천천히 가라앉았다.,
stage.story.hard.018.rescue,body,부서진 돛대를 지렛대로 삼아 갇힌 선원들을 구조했다. 거센 파도를 헤친 경험과 선원들의 항해 지식이 큰 자산이 되었다.,
stage.story.hard.018.rescue.next,label,다음,
stage.story.hard.018.start,body,"폭풍이 몰아치는 암초 사이에 반쯤 부서진 상선이 걸려 있다. 갑판 아래에서는 구조 신호가 들리고, 선장실의 항해도와 화물칸의 쇠상자가 물에 잠기기 시작한다.",
stage.story.hard.019,body,폐쇄된 지하 제련소에서 용암 수로의 차단벽이 붉게 달아오르고 있다.,
stage.story.hard.019,title,용암 수로의 제련소,
stage.story.hard.019.choice.coolant,label,냉각 장치를 복구한다,
stage.story.hard.019.choice.foreman,label,감독관 금고를 회수한다,
stage.story.hard.019.choice.refuge,label,방열문 뒤로 피한다,
stage.story.hard.019.coolant,body,열기를 견디며 냉각 밸브를 순서대로 열었다. 금속과 압력의 변화를 읽어 차단벽을 안정시키고 귀중한 기술을 익혔다.,
stage.story.hard.019.coolant.next,label,다음,
stage.story.hard.019.end,body,"냉각수가 수로를 감싸며 증기가 솟았고, 제련소의 붉은 빛이 가까스로 잦아들었다.",
stage.story.hard.019.foreman,body,감독관 금고를 수로 밖으로 밀어낸 뒤 봉인을 풀었다. 위험 수당으로 보관된 금화를 챙기자 천장이 흔들리기 시작했다.,
stage.story.hard.019.foreman.next,label,다음,
stage.story.hard.019.refuge,body,두꺼운 방열문 뒤 휴게실에서 냉각수를 사용해 화상을 치료했다. 뜨거운 숨이 가라앉고 다시 움직일 힘이 생겼다.,
stage.story.hard.019.refuge.next,label,다음,
stage.story.hard.019.start,body,폐쇄된 지하 제련소에서 용암 수로의 차단벽이 붉게 달아오르고 있다. 냉각 장치는 멈췄으며 작업자 휴게실과 감독관 금고로 향하는 길에도 불길이 번진다.,
stage.story.hard.020,body,왕릉 깊은 방에서 세 석상이 동시에 눈을 뜬다.,
stage.story.hard.020,title,저주받은 왕릉의 재판,
stage.story.hard.020.choice.fountain,label,치유의 샘으로 간다,
stage.story.hard.020.choice.trial,label,석상의 질문에 답한다,
stage.story.hard.020.choice.tribute,label,공물 제단을 해제한다,
stage.story.hard.020.end,body,판결의 종이 울리고 석상들이 다시 잠들자 왕릉의 출구가 조용히 열렸다.,
stage.story.hard.020.fountain,body,재판을 잠시 미루고 치유의 샘물을 상처에 발랐다. 차가운 빛이 저주의 흔적을 밀어내며 몸을 회복시켰다.,
stage.story.hard.020.fountain.next,label,다음,
stage.story.hard.020.start,body,"왕릉 깊은 방에서 세 석상이 동시에 눈을 뜬다. 벽에는 진실을 증명하라는 문장이 떠오르고, 치유의 샘과 공물 제단은 서로 반대편에서 희미하게 빛난다.",
stage.story.hard.020.trial,body,석상들이 던지는 모순된 질문의 답을 하나씩 밝혀냈다. 고대 왕국의 몰락과 맹세의 의미를 깨달으며 큰 경험을 얻었다.,
stage.story.hard.020.trial.next,label,다음,
stage.story.hard.020.tribute,body,공물 제단의 함정을 해제하고 왕실 주화를 꺼냈다. 석상들이 정당한 승자의 몫이라 선언하자 봉인이 열렸다.,
stage.story.hard.020.tribute.next,label,다음,
stage.story.hard.021,body,얼어붙은 산길에서 고립된 마차 행렬을 구조한다.,
stage.story.hard.021,title,눈사태에 갇힌 마차 행렬,
stage.story.hard.021.choice.engine,label,앞마차를 안정시킨다,
stage.story.hard.021.choice.medical,label,약품 짐칸으로 간다,
stage.story.hard.021.choice.transport,label,귀중품 짐칸을 연다,
stage.story.hard.021.end,body,바퀴가 버티는 사이 사람들은 낮은 능선으로 대피했다. 멀리서 다시 눈이 쓸려 내려오는 소리가 들렸다.,
stage.story.hard.021.engine,body,앞마차의 고삐를 잡고 바퀴 밑에 돌을 괴었다. 말들이 진정되자 행렬 전체가 더는 아래로 밀리지 않았다.,
stage.story.hard.021.engine.next,label,다음,
stage.story.hard.021.medical,body,약품 짐칸의 문을 열고 얼어붙지 않은 치료 물자를 찾아냈다. 다친 사람들의 상처를 묶자 행렬에 다시 숨이 돌았다.,
stage.story.hard.021.medical.next,label,다음,
stage.story.hard.021.start,body,"눈사태가 지나간 산길에 마차 행렬이 비스듬히 멈춰 있었다. 앞마차의 말들은 겁에 질려 날뛰고, 약품 짐칸과 귀중품 짐칸은 얼음 틈새로 기울어졌다. 언제 다시 눈더미가 무너질지 알 수 없었다.",
stage.story.hard.021.transport,body,귀중품 짐칸의 얼음을 깨고 구조 보상함을 확보했다. 눈더미가 다시 움직이기 전에 필요한 것만 챙겨 안전한 곳으로 옮겼다.,
stage.story.hard.021.transport.next,label,다음,
stage.story.normal.001,body,산길을 걷던 중 작은 쉼터를 발견했다.,
stage.story.normal.001,title,갈림길의 약초꾼,
stage.story.normal.001.choice.help,label,약초 채집을 도와준다,
stage.story.normal.001.choice.rest,label,약초차를 마시며 쉰다,
stage.story.normal.001.choice.search,label,주변을 둘러본다,
stage.story.normal.001.end,body,잠시 머물렀던 쉼터를 뒤로하고 다시 길을 나선다.,
stage.story.normal.001.help,body,"당신은 약초꾼의 일을 도와주었다.\n산비탈에서 약초를 채집하고 짐을 옮기는 동안 노인은 여러 이야기를 들려주었다.\n헤어질 무렵 그는 고개를 끄덕이며 말했다.\n\n""덕분에 오랜만에 사람다운 대화를 나누었구나.""",
stage.story.normal.001.help.next,label,다음,
stage.story.normal.001.rest,body,노인이 내어준 따뜻한 약초차를 마셨다.\n몸속 깊은 곳까지 온기가 퍼지며 피로가 사라지는 기분이 든다.,
stage.story.normal.001.rest.next,label,다음,
stage.story.normal.001.search,body,천막 주변을 둘러보던 중 누군가 떨어뜨린 듯한 작은 주머니를 발견했다.\n약초꾼은 그 존재를 모르는 눈치였다.\n주머니 안에는 은전이 들어 있었다.,
stage.story.normal.001.search.next,label,다음,
stage.story.normal.002,body,숲길을 걷던 중 오래된 우물을 발견했다.,
stage.story.normal.002,title,마른 우물,
stage.story.normal.002.choice.climb_down,label,우물 아래로 내려간다,
stage.story.normal.002.choice.draw_water,label,물을 길어 마신다,
stage.story.normal.002.choice.leave,label,그냥 지나간다,
stage.story.normal.002.climb_down,body,밧줄을 붙잡고 우물 아래로 내려갔다.\n바닥에는 오래전에 떨어진 것으로 보이는 작은 상자가 묻혀 있었다.\n상자 안에는 은전이 가득 들어 있었다.,
stage.story.normal.002.climb_down.next,label,다음,
stage.story.normal.002.draw_water,body,두레박을 내려 물을 길어 올렸다.\n맑고 차가운 물을 마시자 지친 몸에 생기가 돌아온다.,
stage.story.normal.002.draw_water.next,label,다음,
stage.story.normal.002.end,body,우물을 뒤로하고 다시 여정을 이어간다.,
stage.story.normal.002.leave,body,수상한 장소에는 이유가 있는 법이다.\n당신은 우물을 뒤로한 채 길을 재촉했다.\n조심스러운 판단 덕분인지 여행의 요령을 하나 깨달은 기분이 든다.,
stage.story.normal.002.leave.next,label,다음,
stage.story.normal.003,body,강가에 도착하자 작은 나룻배 한 척이 정박해 있었다.,
stage.story.normal.003,title,강가의 나룻배,
stage.story.normal.003.choice.explore,label,주변을 둘러본다,
stage.story.normal.003.choice.fish,label,강가에서 쉬며 낚시한다,
stage.story.normal.003.choice.row,label,나룻배 일을 돕는다,
stage.story.normal.003.end,body,잔잔한 강물을 뒤로하고 다시 길을 떠난다.,
stage.story.normal.003.explore,body,배 주변을 둘러보던 중 갈대숲에 걸린 낡은 주머니를 발견했다.\n안에는 물에 젖지 않은 은전들이 들어 있었다.,
stage.story.normal.003.explore.next,label,다음,
stage.story.normal.003.fish,body,노인과 함께 강가에 앉아 잠시 낚시를 즐겼다.\n조용한 물소리를 듣고 있으니 긴장이 풀리고 몸이 한결 가벼워진다.,
stage.story.normal.003.fish.next,label,다음,
stage.story.normal.003.row,body,당신은 노인을 대신해 나룻배를 저어 사람들을 강 건너로 옮겨 주었다.\n노인은 감사의 뜻으로 여행에 도움이 될 조언을 건넸다.,
stage.story.normal.003.row.next,label,다음,
stage.story.normal.004,body,"해가 저물 무렵, 길가에서 오래된 객잔을 발견했다.",
stage.story.normal.004,title,버려진 객잔,
stage.story.normal.004.choice.clean,label,객잔을 정리한다,
stage.story.normal.004.choice.rest,label,잠시 쉬어 간다,
stage.story.normal.004.choice.search,label,객잔을 수색한다,
stage.story.normal.004.clean,body,무너진 의자를 세우고 먼지를 쓸어냈다.\n한때 이곳을 오갔을 사람들의 흔적을 살피며 많은 것을 배울 수 있었다.,
stage.story.normal.004.clean.next,label,다음,
stage.story.normal.004.end,body,객잔을 뒤로하고 다시 여정을 이어간다.,
stage.story.normal.004.rest,body,객잔 한쪽 방에서 잠시 눈을 붙였다.\n오랜만에 편안한 휴식을 취한 덕분에 몸의 피로가 상당히 회복되었다.,
stage.story.normal.004.rest.next,label,다음,
stage.story.normal.004.search,body,주방 근처를 뒤지던 중 바닥 판자 아래 숨겨진 주머니를 발견했다.\n주머니 안에는 은전과 몇 개의 동전이 들어 있었다.,
stage.story.normal.004.search.next,label,다음,
stage.story.normal.005,body,산길 끝자락에서 작은 장터를 발견했다.,
stage.story.normal.005,title,떠돌이 장터,
stage.story.normal.005.choice.eat,label,음식을 사 먹는다,
stage.story.normal.005.choice.help,label,장터 정리를 돕는다,
stage.story.normal.005.choice.trade,label,장터를 둘러본다,
stage.story.normal.005.eat,body,상인이 권한 따뜻한 국밥 한 그릇을 먹었다.\n허기와 피로가 가시며 몸에 힘이 돌아오는 것을 느낀다.,
stage.story.normal.005.eat.next,label,다음,
stage.story.normal.005.end,body,장터를 뒤로하고 다시 길을 떠난다.,
stage.story.normal.005.help,body,"장터를 정리하는 상인들을 도와주었다.\n그들은 여러 지방을 돌아다니며 들은 이야기를 들려주었고, 당신은 여행에 도움이 될 지식을 얻었다.",
stage.story.normal.005.help.next,label,다음,
stage.story.normal.005.trade,body,"장터 한쪽에서 버려진 상자를 발견했다.\n주인을 찾아보았지만 아무도 아는 사람이 없었고, 안에는 은전 몇 닢이 남아 있었다.",
stage.story.normal.005.trade.next,label,다음,
stage.story.normal.006,body,소나기가 지나간 숲길 위에 젖은 가죽 주머니가 떨어져 있었다.,
stage.story.normal.006,title,비에 젖은 서신,
stage.story.normal.006.choice.deliver,label,주인을 찾아준다,
stage.story.normal.006.choice.keep,label,주머니를 챙긴다,
stage.story.normal.006.choice.read,label,서신 내용을 확인한다,
stage.story.normal.006.deliver,body,발자국을 따라가 서신의 주인을 찾아주었다.\n상인은 크게 안도하며 당신의 성실함에 감사를 표했다.,
stage.story.normal.006.deliver.next,label,다음,
stage.story.normal.006.end,body,비 냄새가 남은 길을 지나 다시 여정을 이어간다.,
stage.story.normal.006.keep,body,주머니 속 표식을 챙겼다.\n표식 아래쪽에는 비를 맞고도 녹슬지 않은 은화 몇 닢이 숨겨져 있었다.,
stage.story.normal.006.keep.next,label,다음,
stage.story.normal.006.read,body,젖은 서신을 조심스럽게 펼쳐 내용을 살폈다.\n인근 길목의 위험한 구간과 우회로에 대한 기록이 적혀 있었다.,
stage.story.normal.006.read.next,label,다음,
stage.story.normal.007,body,계곡을 건너는 낡은 돌다리가 절반쯤 무너져 있었다.,
stage.story.normal.007,title,무너진 돌다리,
stage.story.normal.007.choice.cross,label,조심히 건넌다,
stage.story.normal.007.choice.detour,label,우회로를 찾는다,
stage.story.normal.007.choice.repair,label,다리를 보수한다,
stage.story.normal.007.cross,body,조심스럽게 남은 돌을 밟아 계곡을 건넜다.\n차가운 물보라를 맞았지만 긴장 덕분에 정신이 맑아졌다.,
stage.story.normal.007.cross.next,label,다음,
stage.story.normal.007.detour,body,계곡 아래쪽의 우회로를 찾던 중 오래된 제단 틈에서 작은 동전 주머니를 발견했다.,
stage.story.normal.007.detour.next,label,다음,
stage.story.normal.007.end,body,거친 물소리를 뒤로하고 다음 길로 향한다.,
stage.story.normal.007.repair,body,주변의 돌과 나무를 모아 다리를 임시로 보수했다.\n여행자는 무사히 계곡을 건넌 뒤 감사 인사를 전했다.,
stage.story.normal.007.repair.next,label,다음,
stage.story.normal.008,body,"해가 완전히 저문 뒤, 길가에 홀로 켜진 등불 하나를 발견했다.",
stage.story.normal.008,title,밤의 등불,
stage.story.normal.008.choice.guide,label,아이를 데려다준다,
stage.story.normal.008.choice.inspect,label,등불을 살펴본다,
stage.story.normal.008.choice.wait,label,함께 기다린다,
stage.story.normal.008.end,body,등불의 온기가 멀어질 때까지 길은 은은하게 밝았다.,
stage.story.normal.008.guide,body,"아이를 데리고 종소리가 들리는 방향으로 걸었다.\n마을 입구에서 아이의 가족을 만났고, 그들은 깊이 고개 숙여 감사를 표했다.",
stage.story.normal.008.guide.next,label,다음,
stage.story.normal.008.inspect,body,등불 받침대를 살펴보니 작은 보관함이 숨겨져 있었다.\n안에는 길 안내를 부탁한 사람이 남긴 사례금이 들어 있었다.,
stage.story.normal.008.inspect.next,label,다음,
stage.story.normal.008.wait,body,등불 곁에서 아이와 함께 기다렸다.\n따뜻한 불빛 아래 잠시 숨을 돌리자 지친 몸이 조금 회복되었다.,
stage.story.normal.008.wait.next,label,다음,
stage.story.normal.009,body,낮은 언덕 위에 낡은 바람개비들이 줄지어 서 있었다.,
stage.story.normal.009,title,바람개비 언덕,
stage.story.normal.009.choice.fix,label,바람개비를 고친다,
stage.story.normal.009.choice.listen,label,바람 소리를 듣는다,
stage.story.normal.009.choice.search,label,언덕을 살펴본다,
stage.story.normal.009.end,body,언덕을 내려오자 등 뒤에서 바람개비 소리가 한동안 따라왔다.,
stage.story.normal.009.fix,body,바람개비의 축을 고정하고 엉킨 천을 풀어주었다.\n다시 바람을 받은 날개들이 차례로 돌기 시작하자 농부의 얼굴이 밝아졌다.,
stage.story.normal.009.fix.next,label,다음,
stage.story.normal.009.listen,body,언덕 위에 앉아 바람개비가 내는 규칙적인 소리를 들었다.\n차분한 바람이 몸을 감싸며 긴장이 풀렸다.,
stage.story.normal.009.listen.next,label,다음,
stage.story.normal.009.search,body,멈춘 바람개비 아래를 살펴보다가 오래된 공구함을 발견했다.\n공구함 안쪽에는 누군가 숨겨둔 은전이 남아 있었다.,
stage.story.normal.009.search.next,label,다음,
stage.story.normal.010,body,길가에 멈춘 수레 옆에서 수레꾼이 깊이 잠들어 있었다.,
stage.story.normal.010,title,잠든 수레꾼,
stage.story.normal.010.care,body,"말에게 물을 먹이고 수레바퀴를 점검했다.\n수레꾼이 깨어났을 때, 당신도 잠시 쉬며 숨을 고를 수 있었다.",
stage.story.normal.010.care.next,label,다음,
stage.story.normal.010.check,body,수레 아래에 굴러 들어간 작은 상자를 발견했다.\n상자에는 길에서 잃어버린 듯한 동전과 낡은 장부가 들어 있었다.,
stage.story.normal.010.check.next,label,다음,
stage.story.normal.010.choice.care,label,말과 수레를 돌본다,
stage.story.normal.010.choice.check,label,수레 주변을 확인한다,
stage.story.normal.010.choice.wake,label,수레꾼을 깨운다,
stage.story.normal.010.end,body,수레가 다시 움직이는 소리를 들으며 당신도 길을 재촉한다.,
stage.story.normal.010.wake,body,수레꾼을 깨워 길 한가운데 오래 머무르면 위험하다고 알려주었다.\n그는 깜짝 놀라 일어나더니 당신에게 고마움을 전했다.,
stage.story.normal.010.wake.next,label,다음,
stage.story.normal.011,body,비탈길 한가운데에서 짐수레가 멈춰 서 있었다.,
stage.story.normal.011,title,비탈길의 수레바퀴,
stage.story.normal.011.box,body,흔들린 짐을 정리하다가 바닥에 굴러다니는 작은 주머니를 발견했다.\n상인은 사례로 주머니 속 동전 일부를 나누어주었다.,
stage.story.normal.011.box.next,label,다음,
stage.story.normal.011.choice.box,label,짐을 정리한다,
stage.story.normal.011.choice.push,label,수레를 밀어준다,
stage.story.normal.011.choice.tent,label,덮개 아래서 쉰다,
stage.story.normal.011.end,body,수레가 천천히 비탈을 내려가고 길이 다시 열렸다.,
stage.story.normal.011.push,body,바퀴 아래에 납작한 돌을 끼우고 힘껏 수레를 밀었다.\n수레가 빠져나오자 상인은 근처 험한 길을 피하는 방법을 알려주었다.,
stage.story.normal.011.push.next,label,다음,
stage.story.normal.011.tent,body,비가 그칠 때까지 수레 덮개 아래에서 쉬었다.\n상인이 건넨 따뜻한 빵 덕분에 허기가 가셨다.,
stage.story.normal.011.tent.next,label,다음,
stage.story.normal.012,body,마을 외곽의 순찰 종이 밤바람에 희미하게 울렸다.,
stage.story.normal.012,title,밤길의 순찰 종,
stage.story.normal.012.choice.fire,label,화로 옆에서 쉰다,
stage.story.normal.012.choice.map,label,지도를 살핀다,
stage.story.normal.012.choice.report,label,발자국을 보고한다,
stage.story.normal.012.end,body,종소리가 멀어지고 밤길은 조금 더 선명해졌다.,
stage.story.normal.012.fire,body,초소 화로 옆에서 잠시 몸을 녹였다.\n타오르는 불빛을 보고 있자 긴 밤길의 피로가 풀렸다.,
stage.story.normal.012.fire.next,label,다음,
stage.story.normal.012.map,body,벽에 걸린 낡은 지도 뒤에서 작은 비상금 봉투를 발견했다.\n파수꾼은 기록을 도와준 보답이라며 봉투를 건넸다.,
stage.story.normal.012.map.next,label,다음,
stage.story.normal.012.report,body,길에서 본 이상한 발자국을 파수꾼에게 알려주었다.\n그는 고개를 끄덕이며 경계해야 할 지형을 자세히 설명해주었다.,
stage.story.normal.012.report.next,label,다음,
stage.story.normal.013,body,강변 나루터에 빈 나룻배 한 척이 밧줄에 묶여 흔들리고 있었다.,
stage.story.normal.013,title,강변의 빈 나룻배,
stage.story.normal.013.choice.deck,label,갑판에서 쉰다,
stage.story.normal.013.choice.net,label,그물을 풀어낸다,
stage.story.normal.013.choice.rope,label,밧줄을 고친다,
stage.story.normal.013.deck,body,나룻배 갑판에 앉아 강바람을 맞았다.\n차분한 물결 소리가 마음을 가라앉혀 주었다.,
stage.story.normal.013.deck.next,label,다음,
stage.story.normal.013.end,body,안개가 걷히며 강 건너 불빛이 희미하게 보인다.,
stage.story.normal.013.net,body,배 아래 얽힌 그물을 풀어내자 작은 상자가 따라 올라왔다.\n안에는 물에 젖지 않은 동전들이 들어 있었다.,
stage.story.normal.013.net.next,label,다음,
stage.story.normal.013.rope,body,젖은 밧줄을 단단히 다시 묶고 노끈까지 손봐주었다.\n사공은 강을 건너는 안전한 때를 알려주었다.,
stage.story.normal.013.rope.next,label,다음,
stage.story.normal.014,body,숲길 옆에 이끼 낀 석비가 반쯤 쓰러져 있었다.,
stage.story.normal.014,title,숲속 석비의 글자,
stage.story.normal.014.choice.gap,label,아래 틈을 살핀다,
stage.story.normal.014.choice.moss,label,곁에서 쉰다,
stage.story.normal.014.choice.read,label,석비를 읽는다,
stage.story.normal.014.end,body,숲바람이 지나가며 석비의 글자가 잠시 더 선명해졌다.,
stage.story.normal.014.gap,body,석비 아래 틈에 손을 넣자 낡은 가죽 주머니가 잡혔다.\n주머니 속 은전들은 아직 쓸 수 있을 만큼 깨끗했다.,
stage.story.normal.014.gap.next,label,다음,
stage.story.normal.014.moss,body,석비 곁의 마른 자리에 앉아 숨을 돌렸다.\n숲속의 차분한 공기가 상처의 열기를 가라앉혔다.,
stage.story.normal.014.moss.next,label,다음,
stage.story.normal.014.read,body,이끼를 조심스레 걷어내고 남은 글자를 읽었다.\n오래된 길 안내 문구에서 잊힌 숲길의 방향을 알아냈다.,
stage.story.normal.014.read.next,label,다음,
stage.story.normal.015,body,비에 잠긴 광대패 천막에서 남은 물건들을 수습한다.,
stage.story.normal.015,title,빗속의 광대패 천막,
stage.story.normal.015.box,body,공연 상자 안에는 관객들이 던진 엽전이 조금 남아 있었다. 버려진 천막의 위험을 감수한 값으로 챙겼다.,
stage.story.normal.015.box.next,label,다음,
stage.story.normal.015.choice.box,label,공연 상자를 연다,
stage.story.normal.015.choice.props,label,탈과 북을 챙긴다,
stage.story.normal.015.choice.rescue,label,천막 안 사람을 찾는다,
stage.story.normal.015.end,body,"비는 여전히 내렸지만, 천막은 더는 누군가를 짓누르지 않았다.",
stage.story.normal.015.props,body,젖은 탈과 북을 마른 천으로 감싸 보존했다. 익살스러운 얼굴의 탈을 보니 무거운 마음이 조금 풀렸다.,
stage.story.normal.015.props.next,label,다음,
stage.story.normal.015.rescue,body,무너진 천막살 아래 갇힌 아이를 끌어냈다. 아이는 광대패가 남긴 샛길 표식을 알려 주었다.,
stage.story.normal.015.rescue.next,label,다음,
stage.story.normal.015.start,body,"장맛비가 멎지 않는 빈터에 광대패 천막이 반쯤 주저앉아 있었다. 기름등은 꺼져 있었고, 젖은 탈과 북이 바닥에 흩어져 있었다. 사람들은 떠난 뒤였지만 천막 안쪽에서 아직 인기척이 났다.",
stage.story.normal.016,body,버려진 서고 안쪽에서 먼지 낀 책장이 비스듬히 기울어져 있었다.,
stage.story.normal.016,title,무너진 서고의 사다리,
stage.story.normal.016.books,body,기울어진 책장을 받치고 흩어진 기록지를 순서대로 모았다.\n오래된 탐험 기록에서 위험한 지형을 읽는 요령을 배웠다.,
stage.story.normal.016.books.next,label,다음,
stage.story.normal.016.choice.books,label,기록지를 정리한다,
stage.story.normal.016.choice.drawer,label,책상 서랍을 연다,
stage.story.normal.016.choice.window,label,창가에서 쉰다,
stage.story.normal.016.drawer,body,책상 서랍을 조심스레 열자 봉인된 작은 주머니가 나왔다.\n안에는 서고 관리자가 남긴 은전이 가지런히 들어 있었다.,
stage.story.normal.016.drawer.next,label,다음,
stage.story.normal.016.end,body,서고의 먼지가 가라앉고 빛줄기 속에서 낡은 글자가 다시 선명해졌다.,
stage.story.normal.016.window,body,깨진 창문 아래의 맑은 바람이 드는 자리에 앉았다.\n먼지를 피해 잠시 쉬자 답답했던 숨이 편안해졌다.,
stage.story.normal.016.window.next,label,다음,
stage.story.normal.017,body,강가의 오래된 방앗간에서 수차가 둔한 소리를 내며 멈춰 서 있다.,
stage.story.normal.017,title,안개 낀 수차 방앗간,
stage.story.normal.017.choice.crate,label,포대 뒤를 조사한다,
stage.story.normal.017.choice.hearth,label,화덕 옆에서 쉰다,
stage.story.normal.017.choice.wheel,label,수차를 수리한다,
stage.story.normal.017.crate,body,밀가루 포대 뒤에서 주인 없는 거래 상자를 찾았다. 장부에 폐기 물품으로 적힌 동전을 필요한 만큼 챙겼다.,
stage.story.normal.017.crate.next,label,다음,
stage.story.normal.017.end,body,수차가 안개를 가르며 돌기 시작하고 방앗간 안에 규칙적인 진동이 돌아왔다.,
stage.story.normal.017.hearth,body,방앗간 화덕 옆에서 젖은 장비를 말렸다. 따뜻한 공기가 스며들어 피로와 통증이 누그러졌다.,
stage.story.normal.017.hearth.next,label,다음,
stage.story.normal.017.start,body,"강가의 오래된 방앗간에서 수차가 둔한 소리를 내며 멈춰 서 있다. 안개 속 물길에는 나뭇가지가 걸렸고, 안쪽 화덕에는 아직 온기가 남아 있다. 기계를 살피면 방앗간의 숨은 사정을 알 수 있을 듯하다.",
stage.story.normal.017.wheel,body,물길을 막은 가지를 걷어 내고 수차의 축을 다시 맞췄다. 복잡한 톱니가 돌아가는 원리를 익히며 값진 경험을 얻었다.,
stage.story.normal.017.wheel.next,label,다음,
stage.story.normal.018,body,숲길 옆 야영지에는 불이 꺼진 화로와 봉인된 천막이 남아 있다.,
stage.story.normal.018,title,봉인된 순례자 야영지,
stage.story.normal.018.blanket,body,바람을 막아 주는 천막 한쪽에서 약초 향이 남은 담요를 찾았다. 잠시 몸을 감싸자 상처가 편안해졌다.,
stage.story.normal.018.blanket.next,label,다음,
stage.story.normal.018.cache,body,꺼진 화로 아래의 빈 공간에서 공동 자금 일부를 발견했다. 함께 남겨진 쪽지에는 뒤따르는 여행자가 사용하라고 적혀 있었다.,
stage.story.normal.018.cache.next,label,다음,
stage.story.normal.018.choice.blanket,label,천막에서 쉰다,
stage.story.normal.018.choice.cache,label,화로 아래를 살핀다,
stage.story.normal.018.choice.runes,label,표식을 해독한다,
stage.story.normal.018.end,body,야영지를 떠나자 봉인 끈이 바람에 흔들리며 조용한 작별을 알렸다.,
stage.story.normal.018.runes,body,돌에 새겨진 순례 표식을 순서대로 읽었다. 근처의 위험 지역과 안전한 우회로를 파악해 여정에 도움이 될 지식을 얻었다.,
stage.story.normal.018.runes.next,label,다음,
stage.story.normal.018.start,body,숲길 옆 야영지에는 불이 꺼진 화로와 봉인된 천막이 남아 있다. 순례자들은 급히 떠난 듯하지만 바닥의 표식은 질서정연하다. 표식을 해독하면 이들이 피한 위험을 알아낼 수 있다.,
stage.story.normal.019,body,절벽 중턱에서 약초 채집꾼이 끊어진 밧줄을 붙잡고 난처해하고 있다.,
stage.story.normal.019,title,절벽의 약초 채집꾼,
stage.story.normal.019.choice.rope,label,밧줄을 다시 묶는다,
stage.story.normal.019.choice.salve,label,휴식 굴로 간다,
stage.story.normal.019.choice.silver,label,바위틈을 조사한다,
stage.story.normal.019.end,body,채집꾼의 바구니에 푸른 잎이 담기고 절벽길에는 새 밧줄이 팽팽히 걸렸다.,
stage.story.normal.019.rope,body,밧줄을 다시 묶고 안전한 매듭으로 채집꾼의 길을 확보했다. 그는 절벽 식물과 독초를 구별하는 법을 상세히 알려주었다.,
stage.story.normal.019.rope.next,label,다음,
stage.story.normal.019.salve,body,바람이 들지 않는 굴에서 채집꾼의 약초 연고를 발랐다. 서늘한 향이 퍼지며 상처의 통증이 가라앉았다.,
stage.story.normal.019.salve.next,label,다음,
stage.story.normal.019.silver,body,바위틈의 푸른 잎 옆에서 광부가 흘린 은화 꾸러미를 찾았다. 채집꾼과 나누고도 넉넉한 몫이 남았다.,
stage.story.normal.019.silver.next,label,다음,
stage.story.normal.019.start,body,"절벽 중턱에서 약초 채집꾼이 끊어진 밧줄을 붙잡고 난처해하고 있다. 귀한 푸른 잎은 손이 닿기 어려운 바위틈에 자라고, 아래에는 작은 휴식 굴이 보인다.",
stage.story.normal.020,body,폭우가 지나간 강변 세관 초소가 무릎 높이까지 물에 잠겨 있다.,
stage.story.normal.020,title,물에 잠긴 세관 초소,
stage.story.normal.020.choice.records,label,문서 상자를 건진다,
stage.story.normal.020.choice.roof,label,지붕에서 몸을 말린다,
stage.story.normal.020.choice.safe,label,보급실을 조사한다,
stage.story.normal.020.end,body,강물이 조금씩 빠지면서 초소의 표지판과 옛길이 다시 모습을 드러냈다.,
stage.story.normal.020.records,body,문서 상자를 건져 날짜와 표식을 맞춰 정리했다. 오래된 교역로와 검문 규칙을 읽으며 유용한 지식을 얻었다.,
stage.story.normal.020.records.next,label,다음,
stage.story.normal.020.roof,body,사다리를 올라 마른 지붕에서 젖은 옷과 장비를 말렸다. 햇볕이 몸을 데워 기운이 돌아왔다.,
stage.story.normal.020.roof.next,label,다음,
stage.story.normal.020.safe,body,보급실의 물을 빼다가 바닥 금고를 발견했다. 부식된 자물쇠가 열리며 비상 운영비가 모습을 드러냈다.,
stage.story.normal.020.safe.next,label,다음,
stage.story.normal.020.start,body,"폭우가 지나간 강변 세관 초소가 무릎 높이까지 물에 잠겨 있다. 떠다니는 문서 상자와 반쯤 열린 보급실, 지붕으로 이어지는 사다리가 눈에 들어온다.",
stage.story.normal.021,body,해가 진 골목에 하루만 열린다는 가면 시장이 나타났다.,
stage.story.normal.021,title,밤시장 가면 장수,
stage.story.normal.021.blank,body,무표정한 가면의 안감을 살피니 오래된 금화가 박혀 있었다. 장수는 가면의 비밀을 찾은 값이라며 금화를 내주었다.,
stage.story.normal.021.blank.next,label,다음,
stage.story.normal.021.choice.blank,label,무표정 가면을 살핀다,
stage.story.normal.021.choice.smile,label,미소 가면을 써 본다,
stage.story.normal.021.choice.warrior,label,전사의 가면을 고른다,
stage.story.normal.021.end,body,가면을 돌려놓자 시장의 등불이 하나씩 꺼지고 골목은 원래의 어둠으로 돌아갔다.,
stage.story.normal.021.smile,body,미소 짓는 가면을 쓰자 은은한 향과 함께 긴장이 풀렸다. 잠깐의 평온이 지친 몸을 회복시켰다.,
stage.story.normal.021.smile.next,label,다음,
stage.story.normal.021.start,body,해가 진 골목에 하루만 열린다는 가면 시장이 나타났다. 한 장수의 진열대에는 표정이 다른 세 가면과 낡은 가격표가 놓여 있다. 장수는 돈 대신 가면 하나의 이야기를 들어 달라고 말한다.,
stage.story.normal.021.warrior,body,전사의 가면에 얽힌 전투와 실수를 끝까지 들었다. 장수의 생생한 설명에서 위기를 읽는 감각을 배웠다.,
stage.story.normal.021.warrior.next,label,다음,
